City/ County,Type
Buckingham County,Form Lead
Albemarle County,Form Lead
Albemarle County,Form Lead
Albemarle County,Form Lead
Culpeper County,Form Lead
Buckingham County,Form Lead
Buckingham County,Form Lead
Charlottesville City,Form Lead
Albemarle County,Form Lead
Fauquier County,Form Lead
Staunton City,Form Lead
Charlottesville City,Operational - Partner Leads
Colonial Heights City,Operational - Partner Leads
Richmond City,Operational - Partner Leads
Charlottesville City,Program Verification
Albemarle County,Program Verification
Charlottesville City,Program Verification
Charlottesville City,Program Verification
Charlottesville City,Program Verification
Charlottesville City,Program Verification
Charlottesville City,Program Verification
Charlottesville City,Program Verification
Charlottesville City,Program Verification
Albemarle County,Program Verification
Charlottesville City,Program Verification
Charlottesville City,Program Verification
Albemarle County,Program Verification
Albemarle County,Program Verification
Orange County,Program Verification
Albemarle County,Program Verification
Charlottesville City,Program Verification
Louisa County,Program Verification
Albemarle County,Program Verification
Albemarle County,Program Verification
Albemarle County,Program Verification
Cumberland County,Program Verification
Charlottesville City,Program Verification
Staunton City,Program Verification
Orange County,Program Verification
Charlottesville City,Program Verification
Charlottesville City,Program Verification
Fauquier County,Program Verification
Charlottesville City,Program Verification
Albemarle County,Program Verification
Albemarle County,Program Verification
Charlottesville City,Program Verification
Charlottesville City,Program Verification
Albemarle County,Program Verification
Charlottesville City,Program Verification
Charlottesville City,Program Verification
Albemarle County,Program Verification
Charlottesville City,Program Verification
Albemarle County,Program Verification
Charlottesville City,Program Verification
Charlottesville City,Program Verification
Charlottesville City,Program Verification
Staunton City,Program Verification
Charlottesville City,Program Verification
Albemarle County,Program Verification
Charlottesville City,Program Verification
Charlottesville City,Program Verification
Albemarle County,Program Verification
Albemarle County,Program Verification
Albemarle County,Program Verification
Fluvanna County,Program Verification
Albemarle County,Program Verification
Charlottesville City,Program Verification
Charlottesville City,Program Verification
Charlottesville City,Program Verification
Albemarle County,Program Verification
Albemarle County,Program Verification
Orange County,Program Verification
Charlottesville City,Program Verification
Albemarle County,Program Verification
Charlottesville City,Program Verification
Charlottesville City,Program Verification
Charlottesville City,Program Verification
Albemarle County,Program Verification
Albemarle County,Program Verification
Albemarle County,Program Verification
Albemarle County,Program Verification
Orange County,Program Verification
Charlottesville City,Program Verification
Charlottesville City,Program Verification
Rockingham County,Program Verification
Albemarle County,Program Verification
Albemarle County,Program Verification
Albemarle County,Program Verification
Albemarle County,Program Verification
Albemarle County,Program Verification
Albemarle County,Program Verification
Charlottesville City,Program Verification
Charlottesville City,Program Verification
Charlottesville City,Program Verification
Albemarle County,Program Verification
Stafford County,Program Verification
Charlottesville City,Program Verification
Charlottesville City,Program Verification
Buckingham County,Program Verification
Albemarle County,Program Verification
Albemarle County,Program Verification
Albemarle County,Program Verification
Albemarle County,Program Verification
Albemarle County,Program Verification
Charlottesville City,Program Verification
Albemarle County,Program Verification
Buckingham County,Program Verification
Rockingham County,Program Verification
Albemarle County,Program Verification
Charlottesville City,Program Verification
Albemarle County,Program Verification
Amherst County,Schedule Link Sent
Albemarle County,Schedule Link Sent
Charlottesville City,Schedule Link Sent
Fredericksburg City,Standby - Partner Leads
Fredericksburg City,Standby - Partner Leads
Fredericksburg City,Standby - Partner Leads
Fredericksburg City,Standby - Partner Leads
Fredericksburg City,Standby - Partner Leads
Stafford County,Standby - Partner Leads
Fredericksburg City,Standby - Partner Leads
Fredericksburg City,Standby - Partner Leads
Orange County,Standby - Partner Leads
Westmoreland County,Standby - Partner Leads
Albemarle County,Standby - Partner Leads
Portsmouth City,Standby - Partner Leads
Orange County,Standby - Partner Leads
Fredericksburg City,Standby - Partner Leads
Spotsylvania County,Standby - Partner Leads
Fredericksburg City,Standby - Partner Leads
Stafford County,Standby - Partner Leads
Fredericksburg City,Standby - Partner Leads
Fauquier County,Standby - Partner Leads
Fauquier County,Standby - Partner Leads
Fauquier County,Standby - Partner Leads
Charlottesville City,Standby - Partner Leads
Charlottesville City,Standby - Partner Leads
Charlottesville City,Standby - Partner Leads
Charlottesville City,Standby - Partner Leads
Charlottesville City,Standby - Partner Leads
Charlottesville City,Standby - Partner Leads
Charlottesville City,Standby - Partner Leads
Charlottesville City,Standby - Partner Leads
Charlottesville City,Standby - Partner Leads
Charlottesville City,Standby - Partner Leads
Charlottesville City,Standby - Partner Leads
Charlottesville City,Standby - Partner Leads
Charlottesville City,Standby - Partner Leads
Charlottesville City,Standby - Partner Leads
Charlottesville City,Standby - Partner Leads
Charlottesville City,Standby - Partner Leads
Charlottesville City,Standby - Partner Leads
Charlottesville City,Standby - Partner Leads
Charlottesville City,Standby - Partner Leads
Charlottesville City,Standby - Partner Leads
Charlottesville City,Standby - Partner Leads
Charlottesville City,Standby - Partner Leads
Charlottesville City,Standby - Partner Leads
Charlottesville City,Standby - Partner Leads
Charlottesville City,Standby - Partner Leads
Charlottesville City,Standby - Partner Leads
Charlottesville City,Standby - Partner Leads
Charlottesville City,Standby - Partner Leads
Charlottesville City,Standby - Partner Leads
Charlottesville City,Standby - Partner Leads
Charlottesville City,Standby - Partner Leads
Charlottesville City,Standby - Partner Leads
Charlottesville City,Standby - Partner Leads
Charlottesville City,Standby - Partner Leads
Charlottesville City,Standby - Partner Leads
Charlottesville City,Standby - Partner Leads
Charlottesville City,Standby - Partner Leads
Charlottesville City,Standby - Partner Leads
Charlottesville City,Standby - Partner Leads
Charlottesville City,Standby - Partner Leads
Charlottesville City,Standby - Partner Leads
Charlottesville City,Standby - Partner Leads
Charlottesville City,Standby - Partner Leads
Charlottesville City,Standby - Partner Leads
Charlottesville City,Standby - Partner Leads
Charlottesville City,Standby - Partner Leads
Charlottesville City,Standby - Partner Leads
Charlottesville City,Standby - Partner Leads
Charlottesville City,Standby - Partner Leads
Charlottesville City,Standby - Partner Leads
Charlottesville City,Standby - Partner Leads
Charlottesville City,Standby - Partner Leads
Charlottesville City,Standby - Partner Leads
Charlottesville City,Standby - Partner Leads
Charlottesville City,Standby - Partner Leads
Charlottesville City,Standby - Partner Leads
Charlottesville City,Standby - Partner Leads
Charlottesville City,Standby - Partner Leads
Richmond City,Standby - Partner Leads
Portsmouth City,Standby - Partner Leads
Loudoun County,Windy Hill Foundation Leads
Loudoun County,Windy Hill Foundation Leads
Loudoun County,Windy Hill Foundation Leads
Loudoun County,Windy Hill Foundation Leads
Fauquier County,Windy Hill Foundation Leads
Fauquier County,Windy Hill Foundation Leads
Fauquier County,Windy Hill Foundation Leads
Fauquier County,Windy Hill Foundation Leads
Fauquier County,Windy Hill Foundation Leads
Fauquier County,Windy Hill Foundation Leads
Fauquier County,Windy Hill Foundation Leads
Fauquier County,Windy Hill Foundation Leads
Fauquier County,Windy Hill Foundation Leads
Fauquier County,Windy Hill Foundation Leads
Fauquier County,Windy Hill Foundation Leads
Fauquier County,Windy Hill Foundation Leads
Fauquier County,Windy Hill Foundation Leads
Fauquier County,Windy Hill Foundation Leads
Fauquier County,Windy Hill Foundation Leads
Fauquier County,Windy Hill Foundation Leads
Fauquier County,Windy Hill Foundation Leads
Fauquier County,Windy Hill Foundation Leads
Fauquier County,Windy Hill Foundation Leads
Fauquier County,Windy Hill Foundation Leads
Fauquier County,Windy Hill Foundation Leads
Fauquier County,Windy Hill Foundation Leads
Fauquier County,Windy Hill Foundation Leads
Fauquier County,Windy Hill Foundation Leads
Fauquier County,Windy Hill Foundation Leads
Fauquier County,Windy Hill Foundation Leads
Fauquier County,Windy Hill Foundation Leads
Fauquier County,Windy Hill Foundation Leads
Fauquier County,Windy Hill Foundation Leads
Fauquier County,Windy Hill Foundation Leads
Fauquier County,Windy Hill Foundation Leads
Fauquier County,Windy Hill Foundation Leads
Fauquier County,Windy Hill Foundation Leads
Fauquier County,Windy Hill Foundation Leads
Fauquier County,Windy Hill Foundation Leads
Fauquier County,Windy Hill Foundation Leads
Fauquier County,Windy Hill Foundation Leads
Fauquier County,Windy Hill Foundation Leads
Fauquier County,Windy Hill Foundation Leads
Fauquier County,Windy Hill Foundation Leads
Fauquier County,Windy Hill Foundation Leads
Fauquier County,Windy Hill Foundation Leads
Fauquier County,Windy Hill Foundation Leads
Fauquier County,Windy Hill Foundation Leads
Fauquier County,Windy Hill Foundation Leads
Fauquier County,Windy Hill Foundation Leads
Washington City,Energy Assessment Scheduled
Loudoun County,Energy Assessment Scheduled
Charlottesville City,Energy Assessment Scheduled
Loudoun County,Energy Assessment Scheduled
Albemarle County,Energy Assessment Scheduled
Loudoun County,Energy Assessment Scheduled
Albemarle County,Energy Assessment Scheduled
Loudoun County,Energy Assessment Scheduled
Albemarle County,Energy Assessment Scheduled
Loudoun County,Energy Assessment Scheduled
Rockbridge County,Energy Assessment Scheduled
Loudoun County,Energy Assessment Scheduled
Albemarle County,Energy Assessment Scheduled
Loudoun County,Energy Assessment Scheduled
Albemarle County,Energy Assessment Scheduled
Loudoun County,Energy Assessment Scheduled
Albemarle County,Energy Assessment Scheduled
Loudoun County,Energy Assessment Scheduled
Charlottesville City,Energy Assessment Scheduled
Loudoun County,Energy Assessment Scheduled
Albemarle County,Energy Assessment Scheduled
Loudoun County,Energy Assessment Scheduled
Fairfax County,Energy Assessment Scheduled
Loudoun County,Energy Assessment Scheduled
Albemarle County,Energy Assessment Scheduled
Loudoun County,Energy Assessment Scheduled
Charlottesville City,Energy Assessment Scheduled
Loudoun County,Energy Assessment Scheduled
Albemarle County,Energy Assessment Scheduled
Fredericksburg City,Energy Assessment Scheduled
Albemarle County,Energy Assessment Scheduled
Staunton City,Energy Assessment Scheduled
Charlottesville City,Energy Assessment Scheduled
Albemarle County,Energy Assessment Scheduled
Albemarle County,Energy Assessment Scheduled
Charlottesville City,Energy Assessment Scheduled
Charlottesville City,Energy Assessment Scheduled
Albemarle County,Energy Assessment Scheduled
Charlottesville City,Energy Assessment Scheduled
Albemarle County,Energy Assessment Scheduled
Albemarle County,Energy Assessment Scheduled
Albemarle County,Energy Assessment Scheduled
Albemarle County,Energy Assessment Scheduled
Albemarle County,Energy Assessment Scheduled
Charlottesville City,Energy Assessment Scheduled
Fairfax County,Energy Assessment Scheduled
Fluvanna County,Energy Assessment Scheduled
Fairfax County,Energy Assessment Scheduled
Augusta County,Energy Assessment Scheduled
Fairfax County,Energy Assessment Scheduled
Charlottesville City,Energy Assessment Scheduled
Fairfax County,Energy Assessment Scheduled
Henrico County,Energy Assessment Scheduled
Fairfax County,Energy Assessment Scheduled
Waynesboro City,Energy Assessment Scheduled
Fairfax County,Energy Assessment Scheduled
Albemarle County,Energy Assessment Scheduled
Fairfax County,Energy Assessment Scheduled
Charlottesville City,Energy Assessment Scheduled
Fairfax County,Energy Assessment Scheduled
Albemarle County,Energy Assessment Scheduled
Fairfax County,Energy Assessment Scheduled
Arlington County,Energy Assessment Scheduled
Orange County,Energy Assessment Scheduled
Albemarle County,Energy Assessment Scheduled
Fairfax County,Energy Assessment Scheduled
Albemarle County,Energy Assessment Scheduled
Arlington County,Energy Assessment Scheduled
Charlottesville City,Energy Assessment Scheduled
Charlottesville City,Energy Assessment Scheduled
Greene County,Energy Assessment Scheduled
Charlottesville City,Energy Assessment Scheduled
Albemarle County,Energy Assessment Scheduled
Charlottesville City,Energy Assessment Scheduled
Staunton City,Energy Assessment Scheduled
Charlottesville City,Energy Assessment Scheduled
Albemarle County,Energy Assessment Scheduled
Albemarle County,Energy Assessment Scheduled
Albemarle County,Energy Assessment Scheduled
Albemarle County,Energy Assessment Scheduled
Albemarle County,Energy Assessment Scheduled
Charlottesville City,Energy Assessment Scheduled
Albemarle County,Energy Assessment Scheduled
Charlottesville City,Energy Assessment Scheduled
Albemarle County,Energy Assessment Scheduled
Albemarle County,Energy Assessment Scheduled
Albemarle County,Energy Assessment Scheduled
Charlottesville City,Energy Assessment Scheduled
Albemarle County,Energy Assessment Scheduled
Charlottesville City,Energy Assessment Scheduled
Albemarle County,Energy Assessment Scheduled
Charlottesville City,Energy Assessment Scheduled
Fredericksburg City,Energy Assessment Scheduled
Albemarle County,Energy Assessment Scheduled
Spotsylvania County,Energy Assessment Scheduled
Albemarle County,Energy Assessment Scheduled
Spotsylvania County,Energy Assessment Scheduled
Albemarle County,Energy Assessment Scheduled
Spotsylvania County,Energy Assessment Scheduled
Albemarle County,Energy Assessment Scheduled
Fredericksburg City,Energy Assessment Scheduled
Charlottesville City,Energy Assessment Scheduled
Spotsylvania County,Energy Assessment Scheduled
Charlottesville City,Energy Assessment Scheduled
Spotsylvania County,Energy Assessment Scheduled
Albemarle County,Energy Assessment Scheduled
Spotsylvania County,Energy Assessment Scheduled
Albemarle County,Energy Assessment Scheduled
Stafford County,Energy Assessment Scheduled
Fredericksburg City,Energy Assessment Scheduled
Albemarle County,Energy Assessment Scheduled
Albemarle County,Energy Assessment Scheduled
Fredericksburg City,Energy Assessment Scheduled
Albemarle County,Energy Assessment Scheduled
Fredericksburg City,Energy Assessment Scheduled
Fredericksburg City,Energy Assessment Scheduled
Albemarle County,Energy Assessment Scheduled
Fredericksburg City,Energy Assessment Scheduled
Albemarle County,Energy Assessment Scheduled
Charlottesville City,Energy Assessment Scheduled
Fredericksburg City,Energy Assessment Scheduled
Albemarle County,Energy Assessment Scheduled
Fredericksburg City,Energy Assessment Scheduled
Albemarle County,Energy Assessment Scheduled
Stafford County,Energy Assessment Scheduled
Albemarle County,Energy Assessment Scheduled
Stafford County,Energy Assessment Scheduled
Albemarle County,Energy Assessment Scheduled
Stafford County,Energy Assessment Scheduled
Albemarle County,Energy Assessment Scheduled
Spotsylvania County,Energy Assessment Scheduled
Albemarle County,Energy Assessment Scheduled
Stafford County,Energy Assessment Scheduled
Albemarle County,Energy Assessment Scheduled
Stafford County,Energy Assessment Scheduled
Charlottesville City,Energy Assessment Scheduled
Spotsylvania County,Energy Assessment Scheduled
Charlottesville City,Energy Assessment Scheduled
Spotsylvania County,Energy Assessment Scheduled
Fluvanna County,Energy Assessment Scheduled
Spotsylvania County,Energy Assessment Scheduled
Albemarle County,Energy Assessment Scheduled
Fredericksburg City,Energy Assessment Scheduled
Charlottesville City,Energy Assessment Scheduled
Fredericksburg City,Energy Assessment Scheduled
Albemarle County,Energy Assessment Scheduled
Fredericksburg City,Energy Assessment Scheduled
Albemarle County,Energy Assessment Scheduled
Fredericksburg City,Energy Assessment Scheduled
Charlottesville City,Energy Assessment Scheduled
Fredericksburg City,Energy Assessment Scheduled
Charlottesville City,Energy Assessment Scheduled
Fredericksburg City,Energy Assessment Scheduled
Albemarle County,Energy Assessment Scheduled
Fredericksburg City,Energy Assessment Scheduled
Charlottesville City,Energy Assessment Scheduled
Fredericksburg City,Energy Assessment Scheduled
Albemarle County,Energy Assessment Scheduled
Fredericksburg City,Energy Assessment Scheduled
Charlottesville City,Energy Assessment Scheduled
Stafford County,Energy Assessment Scheduled
Albemarle County,Energy Assessment Scheduled
Stafford County,Energy Assessment Scheduled
Albemarle County,Energy Assessment Scheduled
Fredericksburg City,Energy Assessment Scheduled
Albemarle County,Energy Assessment Scheduled
Stafford County,Energy Assessment Scheduled
Albemarle County,Energy Assessment Scheduled
Fredericksburg City,Energy Assessment Scheduled
Charlottesville City,Energy Assessment Scheduled
Fredericksburg City,Energy Assessment Scheduled
Fauquier County,Energy Assessment Scheduled
Fredericksburg City,Energy Assessment Scheduled
Fluvanna County,Energy Assessment Scheduled
Fredericksburg City,Energy Assessment Scheduled
Louisa County,Energy Assessment Scheduled
Fredericksburg City,Energy Assessment Scheduled
Spotsylvania County,Energy Assessment Scheduled
Greene County,Energy Assessment Scheduled
Charlottesville City,Energy Assessment Scheduled
Charlottesville City,Energy Assessment Scheduled
Charlottesville City,Energy Assessment Scheduled
Charlottesville City,Energy Assessment Scheduled
Fauquier County,Energy Assessment Scheduled
Louisa County,Energy Assessment Scheduled
Louisa County,Energy Assessment Scheduled
Charlottesville City,Energy Assessment Scheduled
Albemarle County,Energy Assessment Scheduled
Fauquier County,Energy Assessment Scheduled
Albemarle County,Energy Assessment Scheduled
Fauquier County,Energy Assessment Scheduled
Buckingham County,Energy Assessment Scheduled
Fauquier County,Energy Assessment Scheduled
Albemarle County,Energy Assessment Scheduled
Fauquier County,Energy Assessment Scheduled
Albemarle County,Energy Assessment Scheduled
Fauquier County,Energy Assessment Scheduled
Charlottesville City,Energy Assessment Scheduled
Augusta County,Energy Assessment Scheduled
Orange County,Energy Assessment Scheduled
Albemarle County,Energy Assessment Scheduled
Charlottesville City,Energy Assessment Scheduled
Albemarle County,Energy Assessment Scheduled
Charlottesville City,Energy Assessment Scheduled
Charlottesville City,Energy Assessment Scheduled
Charlottesville City,Energy Assessment Scheduled
Albemarle County,Energy Assessment Scheduled
Charlottesville City,Energy Assessment Scheduled
Albemarle County,Energy Assessment Scheduled
Nelson County,Energy Assessment Scheduled
Charlottesville City,Energy Assessment Scheduled
Spotsylvania County,Energy Assessment Scheduled
Charlottesville City,Energy Assessment Scheduled
Albemarle County,Energy Assessment Scheduled
Charlottesville City,Energy Assessment Scheduled
Albemarle County,Energy Assessment Scheduled
Charlottesville City,Energy Assessment Scheduled
Albemarle County,Energy Assessment Scheduled
Charlottesville City,Energy Assessment Scheduled
Charlottesville City,Energy Assessment Scheduled
Albemarle County,Energy Assessment Scheduled
Charlottesville City,Energy Assessment Scheduled
Albemarle County,Energy Assessment Scheduled
Charlottesville City,Energy Assessment Scheduled
Albemarle County,Energy Assessment Scheduled
Albemarle County,Energy Assessment Scheduled
Charlottesville City,Energy Assessment Scheduled
Charlottesville City,Energy Assessment Scheduled
Albemarle County,Energy Assessment Scheduled
Charlottesville City,Energy Assessment Scheduled
Orange County,Energy Assessment Scheduled
Albemarle County,Energy Assessment Scheduled
Fauquier County,Energy Assessment Scheduled
Albemarle County,Energy Assessment Scheduled
Orange County,Energy Assessment Scheduled
Natural Bridge City,Energy Assessment Scheduled
Charlottesville City,Energy Assessment Scheduled
Charlottesville City,Energy Assessment Scheduled
Albemarle County,Energy Assessment Scheduled
Fauquier County,Energy Assessment Scheduled
Rappahannock County,Energy Assessment Scheduled
Fauquier County,Energy Assessment Scheduled
Spotsylvania County,Energy Assessment Scheduled
Fauquier County,Energy Assessment Scheduled
Charlottesville City,Energy Assessment Scheduled
Fauquier County,Energy Assessment Scheduled
Albemarle County,Energy Assessment Scheduled
Fauquier County,Energy Assessment Scheduled
Albemarle County,Energy Assessment Scheduled
Fauquier County,Energy Assessment Scheduled
Albemarle County,Energy Assessment Scheduled
Fauquier County,Energy Assessment Scheduled
Albemarle County,Energy Assessment Scheduled
Charlottesville City,Energy Assessment Scheduled
Fauquier County,Energy Assessment Scheduled
Fauquier County,Energy Assessment Scheduled
Albemarle County,Energy Assessment Scheduled
Fauquier County,Energy Assessment Scheduled
Greene County,Energy Assessment Scheduled
King George County,Energy Assessment Scheduled
Hanover County,Energy Assessment Scheduled
Fauquier County,Energy Assessment Scheduled
Orange County,Energy Assessment Scheduled
Fauquier County,Energy Assessment Scheduled
Albemarle County,Energy Assessment Scheduled
Fauquier County,Energy Assessment Scheduled
Charlottesville City,Energy Assessment Scheduled
Augusta County,Energy Assessment Scheduled
Fauquier County,Energy Assessment Scheduled
Greene County,Energy Assessment Scheduled
Fauquier County,Energy Assessment Scheduled
Fauquier County,Energy Assessment Scheduled
Albemarle County,Energy Assessment Scheduled
Fauquier County,Energy Assessment Scheduled
Albemarle County,Energy Assessment Scheduled
Fauquier County,Energy Assessment Scheduled
Greene County,Energy Assessment Scheduled
Albemarle County,Energy Assessment Scheduled
Fauquier County,Energy Assessment Scheduled
Fauquier County,Energy Assessment Scheduled
Albemarle County,Energy Assessment Scheduled
Fauquier County,Energy Assessment Scheduled
Charlottesville City,Energy Assessment Scheduled
Fauquier County,Energy Assessment Scheduled
Charlottesville City,Energy Assessment Scheduled
Fredericksburg City,Energy Assessment Scheduled
Charlottesville City,Energy Assessment Scheduled
Fredericksburg City,Energy Assessment Scheduled
Albemarle County,Energy Assessment Scheduled
Albemarle County,Energy Assessment Scheduled
Fredericksburg City,Energy Assessment Scheduled
Fredericksburg City,Energy Assessment Scheduled
Charlottesville City,Energy Assessment Scheduled
Fredericksburg City,Energy Assessment Scheduled
Albemarle County,Energy Assessment Scheduled
Fredericksburg City,Energy Assessment Scheduled
Charlottesville City,Energy Assessment Scheduled
Fredericksburg City,Energy Assessment Scheduled
Charlottesville City,Energy Assessment Scheduled
Fredericksburg City,Energy Assessment Scheduled
Charlottesville City,Energy Assessment Scheduled
Fredericksburg City,Energy Assessment Scheduled
Orange County,Energy Assessment Scheduled
Fredericksburg City,Energy Assessment Scheduled
Charlottesville City,Energy Assessment Scheduled
Fredericksburg City,Energy Assessment Scheduled
Albemarle County,Energy Assessment Scheduled
Spotsylvania County,Energy Assessment Scheduled
Albemarle County,Energy Assessment Scheduled
Spotsylvania County,Energy Assessment Scheduled
Albemarle County,Energy Assessment Scheduled
Fredericksburg City,Energy Assessment Scheduled
Albemarle County,Energy Assessment Scheduled
Fredericksburg City,Energy Assessment Scheduled
Albemarle County,Energy Assessment Scheduled
Fredericksburg City,Energy Assessment Scheduled
Albemarle County,Energy Assessment Scheduled
Fredericksburg City,Energy Assessment Scheduled
Albemarle County,Energy Assessment Scheduled
Fredericksburg City,Energy Assessment Scheduled
Prince William County,Energy Assessment Scheduled
Fredericksburg City,Energy Assessment Scheduled
Albemarle County,Energy Assessment Scheduled
Fredericksburg City,Energy Assessment Scheduled
Albemarle County,Energy Assessment Scheduled
Fairfax County,Energy Assessment Scheduled
Albemarle County,Energy Assessment Scheduled
Fredericksburg City,Energy Assessment Scheduled
Albemarle County,Energy Assessment Scheduled
Fredericksburg City,Energy Assessment Scheduled
Spotsylvania County,Energy Assessment Scheduled
Fredericksburg City,Energy Assessment Scheduled
Fredericksburg City,Energy Assessment Scheduled
Fredericksburg City,Energy Assessment Scheduled
Fredericksburg City,Energy Assessment Scheduled
Fredericksburg City,Energy Assessment Scheduled
Fredericksburg City,Energy Assessment Scheduled
Fredericksburg City,Energy Assessment Scheduled
Fredericksburg City,Energy Assessment Scheduled
Alexandria City,Energy Assessment Scheduled
Fredericksburg City,Energy Assessment Scheduled
King George County,Energy Assessment Scheduled
Fredericksburg City,Energy Assessment Scheduled
Fauquier County,Energy Assessment Scheduled
Spotsylvania County,Energy Assessment Scheduled
Spotsylvania County,Energy Assessment Scheduled
Charlottesville City,Energy Assessment Scheduled
Charlottesville City,Energy Assessment Scheduled
Charlottesville City,Energy Assessment Scheduled
Charlottesville City,Energy Assessment Scheduled
Charlottesville City,Energy Assessment Scheduled
Charlottesville City,Energy Assessment Scheduled
Charlottesville City,Energy Assessment Scheduled
Charlottesville City,Energy Assessment Scheduled
Charlottesville City,Energy Assessment Scheduled
Charlottesville City,Energy Assessment Scheduled
Charlottesville City,Energy Assessment Scheduled
Charlottesville City,Energy Assessment Scheduled
Charlottesville City,Energy Assessment Scheduled
Charlottesville City,Energy Assessment Scheduled
Charlottesville City,Energy Assessment Scheduled
Charlottesville City,Energy Assessment Scheduled
Charlottesville City,Energy Assessment Scheduled
Charlottesville City,Energy Assessment Scheduled
Charlottesville City,Energy Assessment Scheduled
Charlottesville City,Energy Assessment Scheduled
Charlottesville City,Energy Assessment Scheduled
Charlottesville City,Energy Assessment Scheduled
Charlottesville City,Energy Assessment Scheduled
Charlottesville City,Energy Assessment Scheduled
Charlottesville City,Energy Assessment Scheduled
Charlottesville City,Energy Assessment Scheduled
Charlottesville City,Energy Assessment Scheduled
Charlottesville City,Energy Assessment Scheduled
Charlottesville City,Energy Assessment Scheduled
Charlottesville City,Energy Assessment Scheduled
Charlottesville City,Energy Assessment Scheduled
Charlottesville City,Energy Assessment Scheduled
Charlottesville City,Energy Assessment Scheduled
Charlottesville City,Energy Assessment Scheduled
Charlottesville City,Energy Assessment Scheduled
Charlottesville City,Energy Assessment Scheduled
Charlottesville City,Energy Assessment Scheduled
Charlottesville City,Energy Assessment Scheduled
Fairfax County,Energy Assessment Scheduled
Charlottesville City,Energy Assessment Scheduled
Charlottesville City,Energy Assessment Scheduled
Charlottesville City,Energy Assessment Scheduled
Charlottesville City,Energy Assessment Scheduled
Augusta County,Energy Assessment Scheduled
Staunton City,Energy Assessment Scheduled
Stafford County,Energy Assessment Scheduled
Albemarle County,Energy Assessment Scheduled
Augusta County,Energy Assessment Scheduled
Charlottesville City,Energy Assessment Scheduled
Rockingham County,Energy Assessment Scheduled
Albemarle County,Energy Assessment Scheduled
Rockingham County,Energy Assessment Scheduled
Shenandoah County,Energy Assessment Scheduled
Waynesboro City,Energy Assessment Scheduled
Stafford County,Energy Assessment Scheduled
Albemarle County,Energy Assessment Scheduled
Staunton City,Energy Assessment Scheduled
Albemarle County,Energy Assessment Scheduled
Albemarle County,Energy Assessment Scheduled
,Energy Assessment Scheduled
,Energy Assessment Scheduled
Waynesboro City,Energy Assessment Scheduled
Rockingham County,Energy Assessment Scheduled
Louisa County,Energy Assessment Scheduled
Augusta County,Energy Assessment Scheduled
Augusta County,Energy Assessment Scheduled
Charlottesville City,Energy Assessment Scheduled
Charlottesville City,Energy Assessment Scheduled
Charlottesville City,Energy Assessment Scheduled
Charlottesville City,Energy Assessment Scheduled
Albemarle County,Energy Assessment Scheduled
Albemarle County,Energy Assessment Scheduled
Charlottesville City,Energy Assessment Scheduled
Albemarle County,Energy Assessment Scheduled
Charlottesville City,Energy Assessment Scheduled
Albemarle County,Energy Assessment Scheduled
Albemarle County,Energy Assessment Scheduled
Albemarle County,Energy Assessment Scheduled
Albemarle County,Energy Assessment Scheduled
Albemarle County,Energy Assessment Scheduled
Albemarle County,Energy Assessment Scheduled
Albemarle County,Energy Assessment Scheduled
Albemarle County,Energy Assessment Scheduled
Albemarle County,Energy Assessment Scheduled
Charlottesville City,Energy Assessment Scheduled
Charlottesville City,Energy Assessment Scheduled
Albemarle County,Energy Assessment Scheduled
Albemarle County,Energy Assessment Scheduled
Charlottesville City,Energy Assessment Scheduled
Charlottesville City,Energy Assessment Scheduled
Charlottesville City,Energy Assessment Scheduled
Charlottesville City,Energy Assessment Scheduled
Charlottesville City,Energy Assessment Scheduled
Albemarle County,Energy Assessment Scheduled
Charlottesville City,Energy Assessment Scheduled
Charlottesville City,Energy Assessment Scheduled
Charlottesville City,Energy Assessment Scheduled
Albemarle County,Energy Assessment Scheduled
Albemarle County,Energy Assessment Scheduled
Charlottesville City,Energy Assessment Scheduled
Albemarle County,Energy Assessment Scheduled
Albemarle County,Energy Assessment Scheduled
Albemarle County,Energy Assessment Scheduled
Charlottesville City,Energy Assessment Scheduled
Albemarle County,Energy Assessment Scheduled
Albemarle County,Energy Assessment Scheduled
Charlottesville City,Energy Assessment Scheduled
Albemarle County,Energy Assessment Scheduled
,Energy Assessment Scheduled
,Energy Assessment Scheduled
Albemarle County,Energy Assessment Scheduled
Charlottesville City,Energy Assessment Scheduled
Charlottesville City,Energy Assessment Scheduled
Charlottesville City,Energy Assessment Scheduled
Charlottesville City,Energy Assessment Scheduled
Charlottesville City,Energy Assessment Scheduled
Charlottesville City,Energy Assessment Scheduled
Prince Edward County,Energy Assessment Scheduled
Augusta County,Energy Assessment Scheduled
Albemarle County,Energy Assessment Scheduled
Albemarle County,Energy Assessment Scheduled
Charlottesville City,Energy Assessment Scheduled
Albemarle County,Energy Assessment Scheduled
Charlottesville City,Energy Assessment Scheduled
Albemarle County,Energy Assessment Scheduled
Charlottesville City,Energy Assessment Scheduled
Louisa County,Energy Assessment Scheduled
Albemarle County,Energy Assessment Scheduled
Charlottesville City,Energy Assessment Scheduled
Albemarle County,Energy Assessment Scheduled
Charlottesville City,Energy Assessment Scheduled
Albemarle County,Energy Assessment Scheduled
Charlottesville City,Energy Assessment Scheduled
Spotsylvania County,Energy Assessment Scheduled
Charlottesville City,Energy Assessment Scheduled
Charlottesville City,Energy Assessment Scheduled
Albemarle County,Energy Assessment Scheduled
Fredericksburg City,Energy Assessment Scheduled
Charlottesville City,Energy Assessment Scheduled
Spotsylvania County,Energy Assessment Scheduled
Fredericksburg City,Energy Assessment Scheduled
Charlottesville City,Energy Assessment Scheduled
Goochland County,Energy Assessment Scheduled
Charlottesville City,Energy Assessment Scheduled
Charlottesville City,Energy Assessment Scheduled
Spotsylvania County,Energy Assessment Scheduled
Rockbridge County,Energy Assessment Scheduled
Albemarle County,Energy Assessment Scheduled
Charlottesville City,Energy Assessment Scheduled
Albemarle County,Energy Assessment Scheduled
Charlottesville City,Energy Assessment Scheduled
Orange County,Energy Assessment Scheduled
Waynesboro City,Energy Assessment Scheduled
Buckingham County,Energy Assessment Scheduled
Waynesboro City,Energy Assessment Scheduled
Staunton City,Energy Assessment Scheduled
Charlottesville City,Energy Assessment Scheduled
Charlottesville City,Energy Assessment Scheduled
Albemarle County,Energy Assessment Scheduled
Albemarle County,Energy Assessment Scheduled
Albemarle County,Energy Assessment Scheduled
Rockingham County,Energy Assessment Scheduled
Albemarle County,Energy Assessment Scheduled
Staunton City,Energy Assessment Scheduled
Albemarle County,Energy Assessment Scheduled
Rockbridge County,Energy Assessment Scheduled
Albemarle County,Energy Assessment Scheduled
Augusta County,Energy Assessment Scheduled
Charlottesville City,Energy Assessment Scheduled
Charlottesville City,Energy Assessment Scheduled
Charlottesville City,Energy Assessment Scheduled
Charlottesville City,Energy Assessment Scheduled
Albemarle County,Energy Assessment Scheduled
Charlottesville City,Energy Assessment Scheduled
Culpeper County,Energy Assessment Scheduled
Charlottesville City,Energy Assessment Scheduled
Charlottesville City,Energy Assessment Scheduled
Albemarle County,Energy Assessment Scheduled
Albemarle County,Energy Assessment Scheduled
Louisa County,Energy Assessment Scheduled
Albemarle County,Energy Assessment Scheduled
Charlottesville City,Energy Assessment Scheduled
Charlottesville City,Energy Assessment Scheduled
Albemarle County,Energy Assessment Scheduled
Albemarle County,Energy Assessment Scheduled
Albemarle County,Energy Assessment Scheduled
Albemarle County,Energy Assessment Scheduled
Albemarle County,Energy Assessment Scheduled
Fluvanna County,Energy Assessment Scheduled
Albemarle County,Energy Assessment Scheduled
Charlottesville City,Energy Assessment Scheduled
Gordonsville City,Energy Assessment Scheduled
Charlottesville City,Energy Assessment Scheduled
Loudoun County,Energy Assessment Scheduled
Albemarle County,Energy Assessment Scheduled
Albemarle County,Energy Assessment Scheduled
Albemarle County,Energy Assessment Scheduled
Loudoun County,Energy Assessment Scheduled
Albemarle County,Energy Assessment Scheduled
Charlottesville City,Energy Assessment Scheduled
Charlottesville City,Energy Assessment Scheduled
Charlottesville City,Energy Assessment Scheduled
Natural Bridge City,Energy Assessment Scheduled
Charlottesville City,Energy Assessment Scheduled
Charlottesville City,Energy Assessment Scheduled
Charlottesville City,Energy Assessment Scheduled
Albemarle County,Energy Assessment Scheduled
Albemarle County,Energy Assessment Scheduled
Charlottesville City,Energy Assessment Scheduled
Albemarle County,Energy Assessment Scheduled
Albemarle County,Energy Assessment Scheduled
Albemarle County,Energy Assessment Scheduled
Charlottesville City,Energy Assessment Scheduled
Albemarle County,Energy Assessment Scheduled
Charlottesville City,Energy Assessment Scheduled
Louisa County,Energy Assessment Scheduled
Charlottesville City,Energy Assessment Scheduled
Albemarle County,Energy Assessment Scheduled
Albemarle County,Energy Assessment Scheduled
Albemarle County,Energy Assessment Scheduled
Albemarle County,Energy Assessment Scheduled
Charlottesville City,Energy Assessment Scheduled
Charlottesville City,Energy Assessment Scheduled
Albemarle County,Energy Assessment Scheduled
Albemarle County,Energy Assessment Scheduled
Charlottesville City,Energy Assessment Scheduled
Albemarle County,Energy Assessment Scheduled
Albemarle County,Energy Assessment Scheduled
Albemarle County,Energy Assessment Scheduled
Albemarle County,Energy Assessment Scheduled
Albemarle County,Energy Assessment Scheduled
Charlottesville City,Energy Assessment Scheduled
Charlottesville City,Energy Assessment Scheduled
Albemarle County,Energy Assessment Scheduled
Charlottesville City,Energy Assessment Scheduled
Charlottesville City,Energy Assessment Scheduled
Charlottesville City,Energy Assessment Scheduled
Albemarle County,Energy Assessment Scheduled
Albemarle County,Energy Assessment Scheduled
Albemarle County,Energy Assessment Scheduled
Charlottesville City,Energy Assessment Scheduled
Albemarle County,Energy Assessment Scheduled
Albemarle County,Energy Assessment Scheduled
Albemarle County,Energy Assessment Scheduled
Albemarle County,Energy Assessment Scheduled
Charlottesville City,Energy Assessment Scheduled
Augusta County,Energy Assessment Scheduled
Charlottesville City,Energy Assessment Scheduled
Albemarle County,Energy Assessment Scheduled
Charlottesville City,Energy Assessment Scheduled
Charlottesville City,Energy Assessment Scheduled
Fairfax County,Energy Assessment Scheduled
Albemarle County,Energy Assessment Scheduled
Albemarle County,Energy Assessment Scheduled
Albemarle County,Energy Assessment Scheduled
Charlottesville City,Energy Assessment Scheduled
Albemarle County,Energy Assessment Scheduled
Albemarle County,Energy Assessment Scheduled
Charlottesville City,Energy Assessment Scheduled
Albemarle County,Energy Assessment Scheduled
Charlottesville City,Energy Assessment Scheduled
Louisa County,Energy Assessment Scheduled
Charlottesville City,Energy Assessment Scheduled
Albemarle County,Energy Assessment Scheduled
Rockingham County,Energy Assessment Scheduled
Albemarle County,Energy Assessment Scheduled
Charlottesville City,Energy Assessment Scheduled
Charlottesville City,Energy Assessment Scheduled
Charlottesville City,Energy Assessment Scheduled
Charlottesville City,Energy Assessment Scheduled
Charlottesville City,Energy Assessment Scheduled
Charlottesville City,Energy Assessment Scheduled
Albemarle County,Energy Assessment Scheduled
Charlottesville City,Energy Assessment Scheduled
Charlottesville City,Energy Assessment Scheduled
Fairfax County,Energy Assessment Scheduled
Albemarle County,Energy Assessment Scheduled
Albemarle County,Energy Assessment Scheduled
Albemarle County,Energy Assessment Scheduled
Charlottesville City,Energy Assessment Scheduled
Charlottesville City,Energy Assessment Scheduled
Charlottesville City,Energy Assessment Scheduled
Buckingham County,Energy Assessment Scheduled
Charlottesville City,Energy Assessment Scheduled
Charlottesville City,Energy Assessment Scheduled
Albemarle County,Energy Assessment Scheduled
Albemarle County,Energy Assessment Scheduled
Albemarle County,Energy Assessment Scheduled
Albemarle County,Energy Assessment Scheduled
Albemarle County,Energy Assessment Scheduled
Charlottesville City,Energy Assessment Scheduled
Charlottesville City,Energy Assessment Scheduled
Albemarle County,Energy Assessment Scheduled
Charlottesville City,Energy Assessment Scheduled
Augusta County,Energy Assessment Scheduled
Albemarle County,Energy Assessment Scheduled
Charlottesville City,Energy Assessment Scheduled
Albemarle County,Energy Assessment Scheduled
Albemarle County,Energy Assessment Scheduled
Albemarle County,Energy Assessment Scheduled
Goochland County,Energy Assessment Scheduled
Prince William County,Energy Assessment Scheduled
Albemarle County,Energy Assessment Scheduled
Albemarle County,Energy Assessment Scheduled
Albemarle County,Energy Assessment Scheduled
Albemarle County,Energy Assessment Scheduled
Charlottesville City,Energy Assessment Scheduled
Fairfax County,Energy Assessment Scheduled
Albemarle County,Energy Assessment Scheduled
Fredericksburg City,Energy Assessment Scheduled
Albemarle County,Energy Assessment Scheduled
Stafford County,Energy Assessment Scheduled
Albemarle County,Energy Assessment Scheduled
Louisa County,Energy Assessment Scheduled
Albemarle County,Energy Assessment Scheduled
Charlottesville City,Energy Assessment Scheduled
Albemarle County,Energy Assessment Scheduled
Charlottesville City,Energy Assessment Scheduled
Charlottesville City,Energy Assessment Scheduled
Albemarle County,Energy Assessment Scheduled
Charlottesville City,Energy Assessment Scheduled
Charlottesville City,Energy Assessment Scheduled
Charlottesville City,Energy Assessment Scheduled
Charlottesville City,Energy Assessment Scheduled
Albemarle County,Energy Assessment Scheduled
Albemarle County,Energy Assessment Scheduled
Albemarle County,Energy Assessment Scheduled
Charlottesville City,Energy Assessment Scheduled
Albemarle County,Energy Assessment Scheduled
Charlottesville City,Energy Assessment Scheduled
Charlottesville City,Energy Assessment Scheduled
Staunton City,Energy Assessment Scheduled
Albemarle County,Energy Assessment Scheduled
Charlottesville City,Energy Assessment Scheduled
Charlottesville City,Energy Assessment Scheduled
Albemarle County,Energy Assessment Scheduled
Albemarle County,Energy Assessment Scheduled
Albemarle County,Energy Assessment Scheduled
Charlottesville City,Energy Assessment Scheduled
Charlottesville City,Energy Assessment Scheduled
Albemarle County,Energy Assessment Scheduled
Charlottesville City,Energy Assessment Scheduled
Charlottesville City,Energy Assessment Scheduled
Albemarle County,Energy Assessment Scheduled
Waynesboro City,Energy Assessment Scheduled
Charlottesville City,Energy Assessment Scheduled
Albemarle County,Energy Assessment Scheduled
Loudoun County,Energy Assessment Scheduled
Fluvanna County,Energy Assessment Scheduled
Albemarle County,Energy Assessment Scheduled
Albemarle County,Energy Assessment Scheduled
Charlottesville City,Energy Assessment Scheduled
Albemarle County,Energy Assessment Scheduled
Charlottesville City,Energy Assessment Scheduled
Albemarle County,Energy Assessment Scheduled
Albemarle County,Energy Assessment Scheduled
Albemarle County,Energy Assessment Scheduled
Albemarle County,Energy Assessment Scheduled
Albemarle County,Energy Assessment Scheduled
Albemarle County,Energy Assessment Scheduled
Albemarle County,Energy Assessment Scheduled
Charlottesville City,Energy Assessment Scheduled
Albemarle County,Energy Assessment Scheduled
Albemarle County,Energy Assessment Scheduled
Albemarle County,Energy Assessment Scheduled
Charlottesville City,Energy Assessment Scheduled
Augusta County,Energy Assessment Scheduled
Charlottesville City,Energy Assessment Scheduled
Buckingham County,Energy Assessment Scheduled
Charlottesville City,Energy Assessment Scheduled
Charlottesville City,Energy Assessment Scheduled
Albemarle County,Energy Assessment Scheduled
Charlottesville City,Energy Assessment Scheduled
Albemarle County,Energy Assessment Scheduled
Charlottesville City,Energy Assessment Scheduled
Albemarle County,Energy Assessment Scheduled
Charlottesville City,Energy Assessment Scheduled
Albemarle County,Energy Assessment Scheduled
Albemarle County,Energy Assessment Scheduled
Charlottesville City,Energy Assessment Scheduled
Albemarle County,Energy Assessment Scheduled
Albemarle County,Energy Assessment Scheduled
Albemarle County,Energy Assessment Scheduled
Albemarle County,Energy Assessment Scheduled
Albemarle County,Energy Assessment Scheduled
Charlottesville City,Energy Assessment Scheduled
Charlottesville City,Energy Assessment Scheduled
Albemarle County,Energy Assessment Scheduled
Charlottesville City,Energy Assessment Scheduled
Albemarle County,Energy Assessment Scheduled
Charlottesville City,Energy Assessment Scheduled
Charlottesville City,Energy Assessment Scheduled
Charlottesville City,Energy Assessment Scheduled
Albemarle County,Energy Assessment Scheduled
Albemarle County,Energy Assessment Scheduled
Augusta County,Energy Assessment Scheduled
Charlottesville City,Energy Assessment Scheduled
Charlottesville City,Energy Assessment Scheduled
Albemarle County,Energy Assessment Scheduled
Albemarle County,Energy Assessment Scheduled
Albemarle County,Energy Assessment Scheduled
Fairfax County,Energy Assessment Scheduled
Charlottesville City,Energy Assessment Scheduled
Charlottesville City,Energy Assessment Scheduled
Augusta County,Energy Assessment Scheduled
Albemarle County,Energy Assessment Scheduled
Albemarle County,Energy Assessment Scheduled
Charlottesville City,Energy Assessment Scheduled
Albemarle County,Energy Assessment Scheduled
Charlottesville City,Energy Assessment Scheduled
Charlottesville City,Energy Assessment Scheduled
Fauquier County,Energy Assessment Scheduled
Orange County,Energy Assessment Scheduled
Albemarle County,Energy Assessment Scheduled
Albemarle County,Energy Assessment Scheduled
Albemarle County,Energy Assessment Scheduled
,Energy Assessment Scheduled
Albemarle County,Energy Assessment Scheduled
Albemarle County,Energy Assessment Scheduled
Orange County,Energy Assessment Scheduled
Charlottesville City,Energy Assessment Scheduled
Charlottesville City,Energy Assessment Scheduled
Charlottesville City,Energy Assessment Scheduled
Albemarle County,Energy Assessment Scheduled
Albemarle County,Energy Assessment Scheduled
Charlottesville City,Energy Assessment Scheduled
Albemarle County,Energy Assessment Scheduled
Charlottesville City,Energy Assessment Scheduled
Albemarle County,Energy Assessment Scheduled
Albemarle County,Energy Assessment Scheduled
Charlottesville City,Energy Assessment Scheduled
Fluvanna County,Energy Assessment Scheduled
Charlottesville City,Energy Assessment Scheduled
Albemarle County,Energy Assessment Scheduled
Charlottesville City,Energy Assessment Scheduled
Albemarle County,Energy Assessment Scheduled
Charlottesville City,Energy Assessment Scheduled
Albemarle County,Energy Assessment Scheduled
,Energy Assessment Scheduled
,Energy Assessment Scheduled
Louisa County,Energy Assessment Scheduled
Albemarle County,Energy Assessment Scheduled
Charlottesville City,Energy Assessment Scheduled
Fauquier County,Energy Assessment Scheduled
Albemarle County,Energy Assessment Scheduled
Albemarle County,Energy Assessment Scheduled
Albemarle County,Energy Assessment Scheduled
Albemarle County,Energy Assessment Scheduled
Albemarle County,Energy Assessment Scheduled
Staunton City,Energy Assessment Scheduled
Orange County,Energy Assessment Scheduled
Orange County,Energy Assessment Scheduled
,Energy Assessment Scheduled
Fauquier County,Energy Assessment Scheduled
Spotsylvania County,Energy Assessment Scheduled
Fredericksburg City,Energy Assessment Scheduled
Spotsylvania County,Energy Assessment Scheduled
Fredericksburg City,Energy Assessment Scheduled
Spotsylvania County,Energy Assessment Scheduled
Fredericksburg City,Energy Assessment Scheduled
Fredericksburg City,Energy Assessment Scheduled
Spotsylvania County,Energy Assessment Scheduled
Fredericksburg City,Energy Assessment Scheduled
Fredericksburg City,Energy Assessment Scheduled
Fredericksburg City,Energy Assessment Scheduled
Fredericksburg City,Energy Assessment Scheduled
Fredericksburg City,Energy Assessment Scheduled
Fredericksburg City,Energy Assessment Scheduled
Fredericksburg City,Energy Assessment Scheduled
Fredericksburg City,Energy Assessment Scheduled
Fredericksburg City,Energy Assessment Scheduled
Fredericksburg City,Energy Assessment Scheduled
Fredericksburg City,Energy Assessment Scheduled
Fredericksburg City,Energy Assessment Scheduled
Fredericksburg City,Energy Assessment Scheduled
Fredericksburg City,Energy Assessment Scheduled
Charlottesville City,Energy Assessment Scheduled
Charlottesville City,Energy Assessment Scheduled
Charlottesville City,Energy Assessment Scheduled
Albemarle County,Energy Assessment Scheduled
Orange County,Energy Assessment Scheduled
Caroline County,Energy Assessment Scheduled
Caroline County,Energy Assessment Scheduled
Caroline County,Energy Assessment Scheduled
Caroline County,Energy Assessment Scheduled
Caroline County,Energy Assessment Scheduled
Caroline County,Energy Assessment Scheduled
Caroline County,Energy Assessment Scheduled
Caroline County,Energy Assessment Scheduled
Caroline County,Energy Assessment Scheduled
Caroline County,Energy Assessment Scheduled
Caroline County,Energy Assessment Scheduled
Caroline County,Energy Assessment Scheduled
Caroline County,Energy Assessment Scheduled
Caroline County,Energy Assessment Scheduled
Caroline County,Energy Assessment Scheduled
Caroline County,Energy Assessment Scheduled
Caroline County,Energy Assessment Scheduled
Waynesboro City,Energy Assessment Scheduled
Charlottesville City,Energy Assessment Scheduled
Albemarle County,Energy Assessment Scheduled
Rockingham County,Energy Assessment Scheduled
Orange County,Energy Assessment Scheduled
Albemarle County,Energy Assessment Scheduled
,Energy Assessment Scheduled
Albemarle County,Energy Assessment Scheduled
Albemarle County,Energy Assessment Scheduled
Albemarle County,Energy Assessment Scheduled
Fluvanna County,Energy Assessment Scheduled
Albemarle County,Energy Assessment Scheduled
Charlottesville City,Energy Assessment Scheduled
Staunton City,Energy Assessment Scheduled
Charlottesville City,Energy Assessment Scheduled
Albemarle County,Energy Assessment Scheduled
,Energy Assessment Scheduled
,Energy Assessment Scheduled
Prince William County,Energy Assessment Scheduled
Albemarle County,Energy Assessment Scheduled
Albemarle County,Energy Assessment Scheduled
Albemarle County,Energy Assessment Scheduled
,Energy Assessment Scheduled
Caroline County,Energy Assessment Scheduled
Caroline County,Energy Assessment Scheduled
Caroline County,Energy Assessment Scheduled
Caroline County,Energy Assessment Scheduled
Albemarle County,Energy Assessment Scheduled
Caroline County,Energy Assessment Scheduled
Caroline County,Energy Assessment Scheduled
Caroline County,Energy Assessment Scheduled
Caroline County,Energy Assessment Scheduled
Albemarle County,Energy Assessment Scheduled
Albemarle County,Energy Assessment Scheduled
Albemarle County,Energy Assessment Scheduled
Albemarle County,Energy Assessment Scheduled
Albemarle County,Energy Assessment Scheduled
Albemarle County,Energy Assessment Scheduled
Albemarle County,Energy Assessment Scheduled
Albemarle County,Energy Assessment Scheduled
Albemarle County,Energy Assessment Scheduled
Albemarle County,Energy Assessment Scheduled
Albemarle County,Energy Assessment Scheduled
Rockingham County,Energy Assessment Scheduled
Rockingham County,Energy Assessment Scheduled
Waynesboro City,Energy Assessment Scheduled
Hampton City,Energy Assessment Scheduled
Richmond City,Energy Assessment Scheduled
Loudoun County,Energy Assessment Scheduled
Loudoun County,Energy Assessment Scheduled
Waynesboro City,Energy Assessment Scheduled
Henrico County,Energy Assessment Scheduled
Fredericksburg City,Energy Assessment Scheduled
Charlottesville City,Energy Assessment Scheduled
Charlottesville City,Energy Assessment Scheduled
Spotsylvania County,Energy Assessment Scheduled
Spotsylvania County,Energy Assessment Scheduled
Buckingham County,Energy Assessment Scheduled
Charlottesville City,Energy Assessment Scheduled
Waynesboro City,Energy Assessment Scheduled
Albemarle County,Energy Assessment Scheduled
Charlottesville City,Energy Assessment Scheduled
Buckingham County,Energy Assessment Scheduled
Buckingham County,Energy Assessment Scheduled
Charlottesville City,Energy Assessment Scheduled
Charlottesville City,Energy Assessment Scheduled
Charlottesville City,Energy Assessment Scheduled
Albemarle County,Energy Assessment Scheduled
Albemarle County,Energy Assessment Scheduled
Fredericksburg City,Energy Assessment Scheduled
Fredericksburg City,Energy Assessment Scheduled
Fredericksburg City,Energy Assessment Scheduled
Fredericksburg City,Energy Assessment Scheduled
Fauquier County,Energy Assessment Scheduled
Loudoun County,Energy Assessment Scheduled
Richmond City,Energy Assessment Scheduled
Loudoun County,Energy Assessment Scheduled
Charlottesville City,Energy Assessment Scheduled
James City County,Energy Assessment Scheduled
Hampton City,Energy Assessment Scheduled
Henrico County,Energy Assessment Scheduled
Hampton City,Energy Assessment Scheduled
Hampton City,Energy Assessment Scheduled
Richmond City,Energy Assessment Scheduled
Hampton City,Energy Assessment Scheduled
Hampton City,Energy Assessment Scheduled
Richmond City,Energy Assessment Scheduled
Hampton City,Energy Assessment Scheduled
James City County,Energy Assessment Scheduled
Richmond City,Energy Assessment Scheduled
Richmond City,Energy Assessment Scheduled
Hampton City,Energy Assessment Scheduled
James City County,Energy Assessment Scheduled
Hampton City,Energy Assessment Scheduled
Newport News City,Energy Assessment Scheduled
Hampton City,Energy Assessment Scheduled
Richmond City,Energy Assessment Scheduled
Richmond City,Energy Assessment Scheduled
Hampton City,Energy Assessment Scheduled
James City County,Energy Assessment Scheduled
Charlottesville City,Energy Assessment Scheduled
Petersburg City,Energy Assessment Scheduled
Charlottesville City,Energy Assessment Scheduled
Charlottesville City,Energy Assessment Scheduled
Albemarle County,Energy Assessment Scheduled
Rockingham County,Energy Assessment Scheduled
Loudoun County,Energy Assessment Scheduled
Albemarle County,Energy Assessment Scheduled
Richmond City,Energy Assessment Scheduled
Albemarle County,Energy Assessment Scheduled
Albemarle County,Energy Assessment Scheduled
Albemarle County,Energy Assessment Scheduled
Albemarle County,Energy Assessment Scheduled
Loudoun County,Energy Assessment Scheduled
Loudoun County,Energy Assessment Scheduled
Fredericksburg City,Energy Assessment Scheduled
Charlottesville City,Energy Assessment Scheduled
Fauquier County,Energy Assessment Scheduled
Albemarle County,Energy Assessment Scheduled
Charlottesville City,Energy Assessment Scheduled
Albemarle County,Energy Assessment Scheduled
Charlottesville City,Energy Assessment Scheduled
Albemarle County,Energy Assessment Scheduled
Fluvanna County,Energy Assessment Scheduled
Orange County,Energy Assessment Scheduled
Charlottesville City,Energy Assessment Scheduled
Charlottesville City,Energy Assessment Scheduled
Charlottesville City,Energy Assessment Scheduled
Albemarle County,Energy Assessment Scheduled
Newport News City,Energy Assessment Scheduled
Albemarle County,Energy Assessment Scheduled
Fluvanna County,Energy Assessment Scheduled
Charlottesville City,Energy Assessment Scheduled
Albemarle County,Energy Assessment Scheduled
Charlottesville City,Energy Assessment Scheduled
Albemarle County,Energy Assessment Scheduled
Albemarle County,Energy Assessment Scheduled
Charlottesville City,Energy Assessment Scheduled
Albemarle County,Energy Assessment Scheduled
Charlottesville City,Energy Assessment Scheduled
Albemarle County,Energy Assessment Scheduled
Fluvanna County,Energy Assessment Scheduled
Albemarle County,Energy Assessment Scheduled
Charlottesville City,Energy Assessment Scheduled
Albemarle County,Energy Assessment Scheduled
Loudoun County,Energy Assessment Scheduled
Charlottesville City,Energy Assessment Scheduled
Albemarle County,Energy Assessment Scheduled
King George County,Energy Assessment Scheduled
King George County,Energy Assessment Scheduled
Charlottesville City,Energy Assessment Scheduled
Charlottesville City,Energy Assessment Scheduled
Charlottesville City,Energy Assessment Scheduled
Albemarle County,Energy Assessment Scheduled
Albemarle County,Energy Assessment Scheduled
Albemarle County,Energy Assessment Scheduled
Charlottesville City,Energy Assessment Scheduled
Albemarle County,Energy Assessment Scheduled
Albemarle County,Energy Assessment Scheduled
Charlottesville City,Energy Assessment Scheduled
Albemarle County,Energy Assessment Scheduled
Charlottesville City,Energy Assessment Scheduled
Albemarle County,Energy Assessment Scheduled
Augusta County,Energy Assessment Scheduled
Albemarle County,Energy Assessment Scheduled
Albemarle County,Energy Assessment Scheduled
Charlottesville City,Energy Assessment Scheduled
Albemarle County,Energy Assessment Scheduled
Charlottesville City,Energy Assessment Scheduled
Louisa County,Energy Assessment Scheduled
Charlottesville City,Energy Assessment Scheduled
Augusta County,Energy Assessment Scheduled
Albemarle County,Final Call/Text Follow-Up
Greene County,Final Call/Text Follow-Up
Albemarle County,Final Call/Text Follow-Up
Albemarle County,Final Call/Text Follow-Up
Albemarle County,Final Call/Text Follow-Up
Charlottesville City,Final Call/Text Follow-Up
Charlottesville City,Final Call/Text Follow-Up
Albemarle County,Final Call/Text Follow-Up
Albemarle County,Final Call/Text Follow-Up
Charlottesville City,Final Call/Text Follow-Up
Albemarle County,Final Call/Text Follow-Up
Fairfax County,Archive/Complete
Loudoun County,Archive/Complete
Greene County,Archive/Complete
Culpeper County,Archive/Complete
Prince William County,Archive/Complete
Madison County,Archive/Complete
Fauquier County,Archive/Complete
Rappahannock County,Archive/Complete
Fauquier County,Archive/Complete
Charlottesville City,Archive/Complete
Madison County,Archive/Complete
Albemarle County,Archive/Complete
Rappahannock County,Archive/Complete
Fauquier County,Archive/Complete
Fauquier County,Archive/Complete
Culpeper County,Archive/Complete
Charlottesville City,Archive/Complete
Culpeper County,Archive/Complete
Fauquier County,Archive/Complete
Harrisonburg City,Archive/Complete
Augusta County,Archive/Complete
Charlottesville City,Archive/Complete
Albemarle County,Archive/Complete
Fluvanna County,Archive/Complete
Jefferson County,Archive/Complete
Arlington County,Archive/Complete
Fairfax County,Archive/Complete
Fairfax County,Archive/Complete
Alexandria City,Archive/Complete
Harrisonburg City,Archive/Complete
Loudoun County,Archive/Complete
Fairfax County,Archive/Complete
Albemarle County,Archive/Complete
Loudoun County,Archive/Complete
Rappahannock County,Archive/Complete
Frederick County,Archive/Complete
Prince William County,Archive/Complete
Culpeper County,Archive/Complete
Albemarle County,Archive/Complete
Albemarle County,Archive/Complete
Albemarle County,Archive/Complete
Albemarle County,Archive/Complete
Albemarle County,Archive/Complete
Charlottesville City,Archive/Complete
Albemarle County,Archive/Complete
Albemarle County,Archive/Complete
Albemarle County,Archive/Complete
Charlottesville City,Archive/Complete
Charlottesville City,Archive/Complete
Charlottesville City,Archive/Complete
Charlottesville City,Archive/Complete
Charlottesville City,Archive/Complete
Albemarle County,Archive/Complete
Charlottesville City,Archive/Complete
Albemarle County,Archive/Complete
Orange County,Archive/Complete
Charlottesville City,Archive/Complete
Albemarle County,Archive/Complete
Goochland County,Archive/Complete
Albemarle County,Archive/Complete
Charlottesville City,Archive/Complete
Fluvanna County,Archive/Complete
Charlottesville City,Archive/Complete
,Archive/Complete
Charlottesville City,Archive/Complete
Louisa County,Archive/Complete
Orange County,Archive/Complete
Waynesboro City,Archive/Complete
Stafford County,Archive/Complete
Louisa County,Archive/Complete
Albemarle County,Archive/Complete
Cumberland City,Archive/Complete
Fauquier County,Archive/Complete
Albemarle County,Archive/Complete
Albemarle County,Archive/Complete
Albemarle County,Archive/Complete
,Archive/Complete
Fredericksburg City,Archive/Complete
Albemarle County,Archive/Complete
,Archive/Complete
Albemarle County,Archive/Complete
Botetourt County,Archive/Complete
Albemarle County,Archive/Complete
Louisa County,Archive/Complete
Charlottesville City,Archive/Complete
Albemarle County,Archive/Complete
Charlottesville City,Archive/Complete
Charlottesville City,Archive/Complete
Charlottesville City,Archive/Complete
Fluvanna County,Archive/Complete
Albemarle County,Archive/Complete
Fauquier County,Archive/Complete
Louisa County,Archive/Complete
Virginia Beach City,Archive/Complete
Chesterfield County,Archive/Complete
Albemarle County,Archive/Complete
,Archive/Complete
Scott County,Archive/Complete
Albemarle County,Archive/Complete
Greene County,Archive/Complete
Albemarle County,Archive/Complete
Arlington County,Archive/Complete
Fluvanna County,Archive/Complete
Greene County,Archive/Complete
Louisa County,Archive/Complete
Madison County,Archive/Complete
Fluvanna County,Archive/Complete
Albemarle County,Archive/Complete
Albemarle County,Archive/Complete
Albemarle County,Archive/Complete
Charlottesville City,Archive/Complete
Fauquier County,Archive/Complete
Fredericksburg City,Archive/Complete
Fredericksburg City,Archive/Complete
Greene County,Archive/Complete
Warren County,Archive/Complete
Hampton City,Archive/Complete
Fluvanna County,Archive/Complete
Albemarle County,Archive/Complete
Norfolk City,Archive/Complete
Albemarle County,Archive/Complete
Albemarle County,Archive/Complete
Nelson County,Archive/Complete
Bedford County,Archive/Complete
Roanoke County,Archive/Complete
Roanoke City,Archive/Complete
Greene County,Archive/Complete
Augusta County,Archive/Complete
Charlottesville City,Archive/Complete
Charlottesville City,Archive/Complete
Charlottesville City,Archive/Complete
Charlottesville City,Archive/Complete
Charlottesville City,Archive/Complete
Charlottesville City,Archive/Complete
Albemarle County,Archive/Complete
Fauquier County,Archive/Complete
Albemarle County,Archive/Complete
Albemarle County,Archive/Complete
Albemarle County,Archive/Complete
Orange County,Archive/Complete
Nelson County,Archive/Complete
Manassas City,Archive/Complete
Fluvanna County,Archive/Complete
Loudoun County,Archive/Complete
Charlottesville City,Archive/Complete
Albemarle County,Archive/Complete
Albemarle County,Archive/Complete
Louisa County,Archive/Complete
Albemarle County,Archive/Complete
Albemarle County,Archive/Complete
Charlottesville City,Archive/Complete
Albemarle County,Archive/Complete
Augusta County,Archive/Complete
Waynesboro City,Archive/Complete
Albemarle County,Archive/Complete
Albemarle County,Archive/Complete
Albemarle County,Archive/Complete
Albemarle County,Archive/Complete
Charlottesville City,Archive/Complete
Louisa County,Archive/Complete
Charlottesville City,Archive/Complete
Albemarle County,Archive/Complete
Charlottesville City,Archive/Complete
Albemarle County,Archive/Complete
Albemarle County,Archive/Complete
Waynesboro City,Archive/Complete
Albemarle County,Archive/Complete
Albemarle County,Archive/Complete
Albemarle County,Archive/Complete
Charlottesville City,Archive/Complete
Albemarle County,Archive/Complete
Albemarle County,Archive/Complete
Albemarle County,Archive/Complete
Albemarle County,Archive/Complete
Albemarle County,Archive/Complete
Charlottesville City,Archive/Complete
Albemarle County,Archive/Complete
Rockingham County,Archive/Complete
Albemarle County,Archive/Complete
Charlottesville City,Archive/Complete
Albemarle County,Archive/Complete
Charlottesville City,Archive/Complete
Albemarle County,Archive/Complete
Staunton City,Archive/Complete
,Archive/Complete
Albemarle County,Archive/Complete
Albemarle County,Archive/Complete
Charlottesville City,Archive/Complete
Charlottesville City,Archive/Complete
Albemarle County,Archive/Complete
Albemarle County,Archive/Complete
Charlottesville City,Archive/Complete
Nelson County,Archive/Complete
Buckingham County,Archive/Complete
Albemarle County,Archive/Complete
Albemarle County,Archive/Complete
Charlottesville City,Archive/Complete
Albemarle County,Archive/Complete
Orange County,Archive/Complete
Albemarle County,Archive/Complete
Alexandria City,Archive/Complete
Albemarle County,Archive/Complete
Buckingham County,Archive/Complete
Albemarle County,Archive/Complete
Charlottesville City,Archive/Complete
Albemarle County,Archive/Complete
Fairfax City,Archive/Complete
Fairfax County,Archive/Complete
Nelson County,Archive/Complete
Charlottesville City,Archive/Complete
Charlottesville City,Archive/Complete
Pittsylvania County,Archive/Complete
,Archive/Complete
Albemarle County,Archive/Complete
Charlottesville City,Archive/Complete
Louisa County,Archive/Complete
Nelson County,Archive/Complete
Charlottesville City,Archive/Complete
Augusta County,Archive/Complete
Loudoun County,Archive/Complete
Halifax County,Archive/Complete
Charlottesville City,Archive/Complete
Charlottesville City,Archive/Complete
Louisa County,Archive/Complete
Buckingham County,Archive/Complete
Buckingham County,Archive/Complete
Buckingham County,Archive/Complete
Louisa County,Archive/Complete
Culpeper County,Archive/Complete
Albemarle County,Archive/Complete
Prince William County,Archive/Complete
Fluvanna County,Archive/Complete
Buckingham County,Archive/Complete
Roanoke County,Archive/Complete
Roanoke County,Archive/Complete
Alexandria City,Archive/Complete
Albemarle County,Archive/Complete
,
