Snugg Pro ID,kWh Saved,Mbtu Saved,Annual Fuel Dollars Saved,Annual Electric Dollars Saved,Total Savings,CO2 Tons Diverted,Mbtu Percent,CO 2 Percent,Mirr,SIR,Annual Fuel Therms Saved,Year Built,Conditioned Area (sqft),Front of Building Orientation,Blower Door Reading,Blower Door Reading Improved,HVAC Duct Location,HVAC Duct Leakage Value,HVAC Duct Leakage Value Improved,HVAC Duct Efficiency,HVAC Duct Efficiency Improved,HVAC System Equipment Type,HVAC Heating Energy Source,HVAC Heating Is Condensing
272300,1099.927,3.76,0,138,138.37,4.9,10,10,3,0.7,0.0,1991.0,1104.0,South West,1654.0,1240.5,50/50 Attic (unconditioned) - Conditioned Space,0.0,0.0,92.82,92.82,Central Heat Pump (shared ducts),Electricity,
269637,15.13446748,4.67,58,2,59.46,4.0,7,6,9,2.0,46.22630356,1990.0,2339.0,South East,2989.0,2974.0,Crawlspace (unconditioned),0.0,0.0,78.41,81.07,Furnace / Central AC (shared ducts),Natural Gas,No
271000,507.0020425,2.03,0,75,63.78,3.4,7,8,2,0.6,0.0,1962.0,1935.0,North West,1143.0,981.0,Intentionally Conditioned Space,0.0,0.0,100.0,100.0,Central Heat Pump (shared ducts),Electricity,
166285,13390.06118,59.24,294,2140,1798.38,4.0,53,58,4,0.8,80.56202438,1999.0,3082.0,North,3195.0,1928.0,Intentionally Conditioned Space,0.0,0.0,100.0,100.0,Furnace / Central AC (shared ducts),Propane,Yes
275290,-26.20079858,9.51,119,-3,108.59,5.5,14,8,8,1.7,95.94792915,1950.0,768.0,North East,2690.0,1714.0,Attic (unconditioned),0.0,0.0,88.98,88.98,Furnace with standalone ducts,Natural Gas,Yes
279708,-3997.574658,52.5,821,-502,317.89,11.4,38,11,-2,0.3,661.4102692,1939.0,2319.0,North West,3223.0,2417.25,50/50 Basement (unconditioned) - Conditioned Space,0.0,0.0,100.0,100.0,Central Heat Pump (shared ducts),Natural Gas,No
271714,3086.233002,10.53,0,388,388.25,3.6,30,30,-1,0.3,0.0,1976.0,1162.0,North West,1380.0,1374.0,,,,,0.0,Ductless Heat Pump,Electricity,
274898,84.14681713,15.9,200,-9,400.34,48.9,2,2,0,0.0,161.4375349,1961.0,1539.0,West,5591.0,3699.0,Crawlspace (unconditioned),0.0,0.0,83.02,93.56,Furnace / Central AC (shared ducts),Natural Gas,Yes
278047,659.1041283,2.46,0,91,82.91,5.5,4,4,-1,0.3,0.0,2003.0,2392.0,South West,2722.0,2579.0,Intentionally Conditioned Space,0.0,0.0,100.0,100.0,Central Heat Pump (shared ducts),Electricity,
276549,3588.098167,5.22,0,218,451.38,4.7,9,10,0,0.0,0.0,1972.0,1775.0,South East,4252.0,4016.0,Crawlspace (unconditioned),0.0,0.0,75.84,82.04,Central Heat Pump (shared ducts),Electricity,
276844,206.9451375,9.29,107,26,132.57,3.6,15,13,7,1.4,85.85084685,1990.0,2292.0,South East,1960.0,1798.0,50/50 Attic - Basement (both unconditioned),0.0,0.0,80.65,93.8,Furnace / Central AC (shared ducts),Natural Gas,No
275286,5779.167985,19.75,0,728,727.02,3.2,37,37,19,12.6,0.0,1972.0,1194.3,West,2680.0,2128.0,,,,,0.0,Electric Resistance,Electricity,
277164,737.8417281,2.54,0,94,92.82,3.7,8,9,-5,0.1,0.0,1988.0,628.0,North West,1211.0,908.25,Attic (unconditioned),0.0,0.0,79.54,84.93,Central Heat Pump (shared ducts),Electricity,
279958,1728.061099,5.9,0,218,217.39,6.1,11,13,5,0.9,0.0,2015.0,1992.0,North East,1800.0,1350.0,Crawlspace (unconditioned),0.0,0.0,85.4,100.0,Ductless Heat Pump,Electricity,
277425,1462.490468,11.7,275,142,546.18,10.9,10,9,9,2.2,78.38295837,1984.0,3284.0,North,2281.0,2159.0,Intentionally Conditioned Space,0.0,0.0,99.71,99.71,Ductless Heat Pump,Electricity,Yes
278052,18.19238631,17.3,358,18,93.83,7.8,15,14,13,4.6,167.9255567,1950.0,1142.0,South West,2127.0,1.0,Attic (unconditioned),0.0,0.0,84.67,100.0,Central Heat Pump (shared ducts),Fuel Oil,
280792,4112.173151,67.82,677,488,1369.98,22.0,19,18,6,1.1,545.8502333,1950.0,8892.0,South East,15771.0,11828.25,Crawlspace (unconditioned),0.0,0.0,69.32,100.0,Furnace / Central AC (shared ducts),Natural Gas,Yes
277420,2255.484459,6.48,0,239,283.74,5.7,15,15,-1,0.3,0.0,1980.0,1200.0,North West,1428.0,1400.0,Intentionally Conditioned Space,0.0,0.0,100.0,100.0,Central Heat Pump (shared ducts),Electricity,
275606,1097.628203,5.0,15,139,150.19,6.3,5,6,0,0.0,12.17309644,1994.0,3400.0,South,2866.0,2506.0,50/50 Attic - Basement (both unconditioned),0.0,0.0,89.39,93.88,Central Heat Pump (shared ducts),Electricity,No
281077,9560.50519,19.46,0,717,1202.71,9.1,24,24,4,0.9,0.0,1875.0,4178.0,South East,6139.0,4604.25,Attic (unconditioned),0.0,0.0,84.38,100.0,Central Heat Pump (shared ducts),Electricity,
281643,902.3265205,4.44,17,113,130.46,0.535810893,6,7,0,,0.0,,,,,,,,,,0.0,,,
281739,3059.739258,6.44,0,238,384.92,4.1,19,19,0,0.4,0.0,1978.0,1344.0,South West,1422.0,1066.5,50/50 Attic (unconditioned) - Conditioned Space,0.0,0.0,88.41,88.41,Central Heat Pump (shared ducts),Electricity,
281806,1820.338946,0.55,0,20,229.0,2.8,2,2,6,1.2,0.0,2019.0,2160.0,East,769.0,762.0,Intentionally Conditioned Space,0.0,0.0,100.0,100.0,Central Heat Pump (shared ducts),Electricity,
281711,2926.865227,56.08,846,-447,560.5,8.4,48,18,-1,0.3,681.9172147,1964.0,2133.0,North West,4348.0,3261.0,Basement (unconditioned),0.0,0.0,100.0,90.22,Furnace / Central AC (shared ducts),Natural Gas,Yes
282053,9885.947175,19.8,0,730,1243.65,12.4,13,13,6,1.2,0.0,1920.0,2968.0,South,7902.0,5926.5,Basement (unconditioned),0.0,0.0,88.47,93.47,Central Heat Pump (shared ducts),Electricity,
282280,410.1119634,1.38,0,51,51.59,6.5,3,3,4,0.8,0.0,2023.0,1292.0,South West,1683.64,1262.73,Attic (unconditioned),0.0,0.0,88.37,86.45,Central Heat Pump (shared ducts),Electricity,
282336,3889.210217,76.5,512,428,939.94,5.349492632,20,20,1,,0.0,,,,,,,,,,0.0,,,
282167,1204.58572,13.09,127,102,369.62,5.3,16,15,10,2.4,103.0173331,1940.0,3829.0,South West,4377.0,3282.75,Attic (unconditioned),0.0,0.0,78.64,57.28,Ductless Heat Pump,Electricity,Yes
274895,993.5017535,4.71,0,174,124.98,7.5,5,6,0,0.0,0.0,1967.0,4379.0,South West,6084.0,5769.0,50/50 Attic (unconditioned) - Conditioned Space,0.0,0.0,88.42,88.42,Shallow Loop Ground Source Heat Pump (shared ducts),Electricity,
279846,1883.042658,23.34,383,197,726.14,12.1,17,15,34,0.0,179.7911909,1962.0,1818.0,West,2696.0,2022.0,,,,,0.0,Boiler,Fuel Oil,
282644,2683.15827,5.22,0,192,337.54,6.3,11,11,-3,0.2,0.0,1997.0,1896.0,North East,3208.0,2893.0,Attic (unconditioned),0.0,0.0,85.69,85.35,Central Heat Pump (shared ducts),Electricity,
282358,4238.925373,14.46,0,533,533.26,2.5,35,35,3,0.7,0.0,1995.0,968.0,West,4418.0,3313.5,Crawlspace (unconditioned),0.0,0.0,88.02,100.0,Central Heat Pump (shared ducts),Electricity,
282799,2176.809527,0.23,0,8,273.84,4.3,1,1,-4,0.2,0.0,2022.0,2160.0,North,968.0,726.0,,,,,0.0,Ductless Heat Pump,Electricity,
282824,100.3792366,9.84,122,-1,57.27,3.7,15,12,0,0.0,98.4585117,1956.0,1145.0,South East,2194.0,1878.0,50/50 Attic - Crawlspace (both unconditioned),0.0,0.0,90.84,90.84,Furnace / Central AC (shared ducts),Natural Gas,No
282836,152.0492206,3.65,41,14,139.49,3.7,7,6,-2,0.3,32.42004444,1936.0,864.0,South West,1904.0,1428.0,50/50 Attic - Crawlspace (both unconditioned),0.0,0.0,88.94,94.13,Furnace / Central AC (shared ducts),Natural Gas,No
277159,995.542987,31.44,350,119,489.55,61.6,3,3,17,8.9,282.156884,1950.0,1229.0,South West,2679.0,2000.0,Intentionally Conditioned Space,0.0,0.0,100.0,100.0,Furnace / Central AC (shared ducts),Natural Gas,No
283109,996.114074,3.4,0,125,125.31,0.511544127,6,6,0,,0.0,,,,,,,,,,0.0,,,
282866,2715.74022,30.8,472,-268,631.16,5.7,39,14,-2,0.3,380.6610184,1989.0,2211.0,South,2709.0,2031.75,50/50 Attic (unconditioned) - Conditioned Space,0.0,0.0,93.18,93.18,Central Heat Pump (shared ducts),Electricity,Yes
282745,9193.011397,1.27,0,46,1156.48,7.9,2,2,1,0.5,0.0,1985.0,2425.0,East,2837.0,2127.75,Attic (unconditioned),0.0,0.0,90.68,100.0,Central Heat Pump (shared ducts),Electricity,
283199,5188.479607,5.83,0,215,652.71,7.2,11,11,0,0.4,0.0,2016.0,1878.0,North West,2927.0,2195.25,Crawlspace (unconditioned),0.0,0.0,86.66,100.0,Central Heat Pump (shared ducts),Electricity,
283220,10434.17983,12.24,0,451,1312.62,13.8,12,12,10,2.5,0.0,1971.0,2040.0,North West,2230.0,1672.5,Attic (unconditioned),0.0,0.0,78.04,83.46,Central Heat Pump (shared ducts),Electricity,
283235,2691.129675,12.11,-17,465,1473.62,8.0,14,19,5,0.9,-4.935971251,1945.0,2479.0,North West,7000.0,5000.0,50/50 Attic (unconditioned) - Conditioned Space,0.0,0.0,88.6,93.03,Central Heat Pump (shared ducts),Electricity,Yes
283377,3697.221499,11.83,0,436,465.11,1.5,54,54,1,0.4,0.0,1965.0,1512.0,North West,2043.0,1532.25,50/50 Attic (unconditioned) - Conditioned Space,0.0,0.0,92.73,92.73,Central Heat Pump (shared ducts),Electricity,
278836,5070.707705,31.19,419,711,1066.91,3.1,49,46,18,9.7,119.066326,1974.0,984.0,West,2803.0,2242.0,,,0.0,,100.0,Electric Resistance,Electricity,
283623,3600.00939,-0.36,0,-13,452.88,6.9,-1,-1,-100,0.0,0.0,1968.0,1011.0,South East,3536.0,3005.0,,,,,0.0,Ductless Heat Pump,Electricity,
284130,1585.7996,2.85,28,21,241.79,4.5,5,4,1,0.4,22.69361548,2006.0,1780.0,West,2556.0,1917.0,Attic (unconditioned),0.0,0.0,92.11,92.11,Central Heat Pump (shared ducts),Electricity,Yes
284156,1435.467569,8.27,290,2,888.01,9.3,6,5,31,83.8,82.38937382,1996.0,3000.0,West,3561.0,2794.0,Intentionally Conditioned Space,0.0,0.0,100.0,100.0,Furnace / Central AC (shared ducts),Propane,No
284251,3868.684712,4.21,0,155,486.68,7.2,8,8,0,0.0,0.0,2007.0,1923.0,South West,1752.0,1314.0,Crawlspace (unconditioned),0.0,0.0,81.15,81.15,Central Heat Pump (shared ducts),Electricity,
284352,-45.17568599,9.39,120,-11,74.76,5.6,10,8,2,0.6,96.71938683,1980.0,2220.0,South,1700.0,1275.0,50/50 Attic (unconditioned) - Conditioned Space,0.0,0.0,93.83,93.83,Furnace / Central AC (shared ducts),Natural Gas,No
273052,272.5170654,32.46,391,35,425.56,41.7,4,4,0,0.0,315.298735,1951.0,1189.0,North East,5290.0,3967.5,Attic (unconditioned),0.0,0.0,83.19,88.43,Room AC,Natural Gas,Yes
284691,775.8051563,5.19,0,191,97.6,3.7,12,12,4,0.8,0.0,1998.0,1312.0,East,1498.0,1437.0,Basement (unconditioned),506.0,324.0,85.0,85.0,Central Heat Pump (shared ducts),Electricity,
284626,1145.766496,5.44,0,228,144.14,5.2,9,9,2,0.5,0.0,1995.0,1512.0,South,3054.0,2290.5,Crawlspace (unconditioned),0.0,0.0,75.33,85.09,Room AC,Electricity,
284810,390.1602937,1.36,1,46,134.25,4.3,2,4,11,0.0,1.028241321,1996.0,1020.0,West,2290.0,1717.5,Intentionally Conditioned Space,0.0,0.0,100.0,100.0,Furnace / Central AC (shared ducts),Natural Gas,Yes
283260,9715.710669,5.17,-73,267,1619.41,12.7,3,4,-2,0.1,-20.74164382,1850.0,4868.0,West,5335.0,4001.25,Intentionally Conditioned Space,0.0,0.0,100.0,100.0,Furnace / Central AC (shared ducts),Propane,Yes
284680,1251.165812,2.7,0,99,157.4,4.2,5,6,9,2.0,0.0,1936.0,3018.0,South West,3308.0,2481.0,Crawlspace (unconditioned),0.0,0.0,89.1,77.69,Ductless Heat Pump,Electricity,
275488,544.1668459,1.16,0,43,68.46,3.1,3,4,2,0.6,0.0,2015.0,1120.0,West,2060.0,1545.0,Intentionally Conditioned Space,0.0,0.0,100.0,100.0,Central Heat Pump (shared ducts),Electricity,
285456,1573.655848,0.33,0,13,197.97,4.6,1,1,16,4.5,0.0,2024.0,2112.0,North East,1335.0,1001.25,Intentionally Conditioned Space,147.0,73.5,100.0,100.0,Central Heat Pump (shared ducts),Electricity,
285531,8702.411415,9.66,0,357,1094.76,10.8,12,12,2,0.5,0.0,1995.0,1785.0,South West,1765.0,1323.75,50/50 Attic - Basement (both unconditioned),0.0,0.0,73.66,83.15,Central Heat Pump (shared ducts),Electricity,
285694,212.5937277,5.53,67,5,93.78,4.5,8,6,0,0.0,54.02486431,1979.0,1056.0,South West,1198.0,898.5,Intentionally Conditioned Space,0.0,0.0,100.0,100.0,Furnace / Central AC (shared ducts),Natural Gas,No
268238,-3648.365441,48.11,0,-459,-458.96,4.8,49,49,-100,0.0,605.577662,1974.0,1485.0,South West,2020.0,1515.0,,,,,0.0,Stove or Insert,Wood,
286021,860.9007507,18.12,202,69,599.03,3.9,27,23,11,2.8,162.4568169,1960.0,1075.0,North,2679.0,2009.25,Basement (unconditioned),0.0,0.0,85.0,87.98,Furnace / Central AC (shared ducts),Natural Gas,Yes
286056,-85.31558002,5.2,68,-10,57.39,5.3,8,4,1,0.4,54.89186123,1946.0,900.0,,2112.0,1584.0,Intentionally Conditioned Space,0.0,0.0,100.0,100.0,Furnace / Central AC (shared ducts),Natural Gas,No
286059,-84.77862287,0.53,11,-15,7.19,5.4,1,0,-6,0.0,9.398711751,1987.0,1404.0,South East,1869.0,1401.75,Intentionally Conditioned Space,0.0,0.0,100.0,100.0,Furnace / Central AC (shared ducts),Natural Gas,No
286128,6133.404075,11.79,0,435,771.58,3.5,24,24,4,0.9,0.0,2001.0,1120.0,South,871.0,653.25,Crawlspace (unconditioned),0.0,0.0,86.69,94.09,Central Heat Pump (shared ducts),Electricity,
286116,1830.926876,2.94,0,109,230.33,5.1,8,8,2,0.6,0.0,1993.0,1200.0,East,1246.0,934.5,Crawlspace (unconditioned),0.0,0.0,82.55,87.36,Central Heat Pump (shared ducts),Electricity,
284280,396.8280412,4.53,0,168,49.92,5.1,8,8,6,1.2,0.0,1981.0,2411.0,South East,2959.09,2219.32,Intentionally Conditioned Space,0.0,0.0,100.0,100.0,Central Heat Pump (shared ducts),Electricity,
286300,2139.537371,1.01,0,37,306.8,5.8,2,3,-1,0.3,0.0,1996.0,1646.0,North West,1892.0,1419.0,Intentionally Conditioned Space,0.0,0.0,100.0,100.0,Central Heat Pump (shared ducts),Electricity,
286345,2071.105415,1.78,0,66,260.54,3.1,5,5,3,0.6,0.0,2010.0,1176.0,West,816.0,612.0,Intentionally Conditioned Space,0.0,0.0,100.0,100.0,Central Heat Pump (shared ducts),Electricity,
285683,1148.617299,3.92,0,145,144.5,0.589860588,9,9,9,,0.0,,,,,,,,,,0.0,,,
284612,445.6286776,3.73,0,137,56.06,4.2,8,8,6,1.2,0.0,1978.0,1248.0,North West,1983.0,1487.25,Intentionally Conditioned Space,0.0,0.0,100.0,100.0,Central Heat Pump (shared ducts),Electricity,
284849,15.06768576,0.76,18,9,168.49,3.5,2,2,0,0.0,5.211341599,2019.0,2032.0,North East,1898.0,1423.5,50/50 Attic (unconditioned) - Conditioned Space,0.0,0.0,93.71,93.71,Furnace / Central AC (shared ducts),Propane,Yes
286415,456.7649402,41.07,486,71,425.19,9.2,28,21,10,2.7,391.2250294,1948.0,1710.0,South West,5259.0,1.0,50/50 Attic - Basement (both unconditioned),0.0,0.0,74.93,85.62,Furnace / Central AC (shared ducts),Natural Gas,Yes
286597,1377.46334,4.83,0,178,173.29,4.0,10,10,3,0.7,0.0,1963.0,1144.0,North East,2280.0,1710.0,Crawlspace (unconditioned),0.0,0.0,70.1,100.0,Central Heat Pump (shared ducts),Electricity,
286609,5229.936101,18.49,0,682,657.93,5.2,35,35,27,46.2,0.0,1975.0,1056.0,East,2800.0,2100.0,,,,,0.0,Electric Resistance,Electricity,
286787,5594.25814,12.66,0,529,798.3,6.3,16,16,13,4.5,0.0,2001.0,1120.0,West,1702.0,1276.5,Crawlspace (unconditioned),0.0,0.0,85.0,87.0,Central Heat Pump (shared ducts),Electricity,
286864,-778.4638556,-2.66,0,-111,-111.09,-0.252698711,-8,-8,-100,,0.0,,,,,,,,,,0.0,,,
287030,755.7541591,10.39,124,15,353.15,11.0,7,5,5,1.1,100.05117,1896.0,1800.0,,5327.0,3995.25,Intentionally Conditioned Space,0.0,0.0,100.0,100.0,Furnace / Central AC (shared ducts),Natural Gas,No
287119,76.62486548,2.1,23,10,33.63,3.7,4,4,2,0.6,18.68498096,2019.0,2116.0,South East,1226.0,1226.0,Attic (unconditioned),0.0,0.0,90.05,90.05,Furnace / Central AC (shared ducts),Natural Gas,Yes
287390,860.2566294,6.57,49,110,204.93,3.2,11,12,2,0.6,39.53958659,1981.0,1384.0,North West,2121.0,1590.75,Intentionally Conditioned Space,0.0,0.0,100.0,100.0,Furnace / Central AC (shared ducts),Natural Gas,No
287194,4214.912664,26.77,346,-46,1003.92,3.7,51,26,-2,0.2,278.6794101,1920.0,2098.0,North West,3047.0,2285.25,Crawlspace (unconditioned),0.0,0.0,86.0,100.0,Ductless Heat Pump,Electricity,No
287627,13326.07713,29.21,0,1221,1901.63,14.8,22,23,12,3.4,0.0,1971.0,4544.0,South East,4332.0,3249.0,Basement (unconditioned),0.0,0.0,100.0,100.0,Central Heat Pump (shared ducts),Electricity,
278908,1154.153912,3.94,0,145,145.19,3.4,9,10,12,3.9,0.0,1970.0,1318.0,South East,2255.0,1098.0,Intentionally Conditioned Space,0.0,0.0,100.0,100.0,Central Heat Pump (shared ducts),Electricity,
287747,215.8533157,0.66,0,28,30.8,4.4,2,2,0,0.0,0.0,2015.0,1410.0,South West,1770.0,1327.5,Intentionally Conditioned Space,0.0,0.0,100.0,100.0,Central Heat Pump (shared ducts),Electricity,
284275,267.1560254,12.54,162,-24,103.86,3.2,29,16,-4,0.2,131.079743,1956.0,1298.0,South East,2879.0,2159.25,Intentionally Conditioned Space,0.0,0.0,100.0,100.0,Furnace with standalone ducts,Natural Gas,Yes
288188,5332.364323,1.92,0,80,760.93,4.8,4,4,0,0.0,0.0,2012.0,1280.0,South,576.0,432.0,Intentionally Conditioned Space,0.0,0.0,100.0,100.0,Central Heat Pump (shared ducts),Electricity,
288212,-1580.484543,-5.39,0,-225,-225.54,-0.811641564,-11,-11,-100,,0.0,,,,,,,,,,0.0,,,
288395,1675.180192,3.04,0,127,239.05,3.9,7,7,0,0.0,0.0,2019.0,2074.0,West,638.0,478.5,Intentionally Conditioned Space,0.0,0.0,100.0,100.0,Central Heat Pump (shared ducts),Electricity,
288760,6620.968981,8.72,0,364,944.81,7.0,14,16,11,2.9,0.0,1984.0,2086.0,West,2700.0,2025.0,Intentionally Conditioned Space,0.0,0.0,100.0,100.0,Central Heat Pump (shared ducts),Electricity,
288873,20.88998293,9.45,117,2,258.81,4.7,11,10,9,2.3,94.01397792,1963.0,2430.0,North East,2168.0,1626.0,Intentionally Conditioned Space,0.0,0.0,100.0,100.0,Room AC,Natural Gas,No
289597,4950.735099,13.19,0,551,706.47,5.4,25,27,4,0.8,0.0,1989.0,1969.0,East,1710.0,1282.5,Attic (unconditioned),0.0,0.0,86.19,86.19,Central Heat Pump (shared ducts),Electricity,
289623,7853.454619,15.62,0,653,1142.3,11.5,16,17,9,2.2,0.0,1983.0,3042.0,South East,4886.0,3664.5,50/50 Attic - Crawlspace (both unconditioned),0.0,0.0,65.0,91.55,Ductless Heat Pump,Electricity,
269482,515.8708822,1.76,0,65,64.9,5.8,3,3,6,1.1,0.0,1979.0,2766.0,North West,2662.0,1996.5,Basement (unconditioned),0.0,0.0,100.0,100.0,Central Heat Pump (shared ducts),Electricity,
289903,3897.369823,13.3,0,556,556.15,3.0,29,29,8,1.9,0.0,2000.0,672.0,South West,2000.0,1500.0,,,0.0,,84.34,Electric Resistance,Electricity,
252968,11090.67194,28.18,0,1039,1395.21,7.0,38,38,0,0.0,0.0,1949.0,1300.0,East,2475.0,1856.25,50/50 Attic (unconditioned) - Conditioned Space,0.0,0.0,88.19,88.19,Central Heat Pump (shared ducts),Electricity,
289984,3337.835926,8.99,1,372,479.09,4.7,15,15,6,1.2,0.738382033,2000.0,1404.0,South,1794.0,1435.0,Basement (unconditioned),0.0,0.0,100.0,100.0,Central Heat Pump (shared ducts),Electricity,
270243,349.0690131,32.99,390,57,525.37,148.8,1,1,9,2.3,314.3356912,1956.0,2491.0,South East,4445.0,2951.0,Attic (unconditioned),0.0,0.0,82.18,86.74,Central AC with standalone ducts,Natural Gas,No
273498,151.2172741,12.06,143,19,161.85,12.1,8,5,7,1.4,115.4030174,1950.0,3216.0,North,5183.0,3887.25,Attic (unconditioned),0.0,0.0,75.08,75.08,Room AC,Natural Gas,
268002,844.222633,3.35,16,75,123.99,6.8,5,5,0,0.0,12.9568596,1990.0,3837.0,North East,3662.0,3058.0,Intentionally Conditioned Space,0.0,0.0,100.0,100.0,Furnace with standalone ducts,Natural Gas,Yes
264323,552.3580836,34.65,412,54,473.73,5.1,35,28,0,0.0,331.7844758,1952.0,672.0,South West,3514.0,1167.0,50/50 Attic (unconditioned) - Conditioned Space,0.0,0.0,80.1,80.1,Furnace with standalone ducts,Natural Gas,No
268870,670.4650637,8.66,79,84,163.43,6.4,10,10,0,0.0,63.72504009,1956.0,2300.0,South East,3806.0,3092.0,50/50 Attic (unconditioned) - Conditioned Space,0.0,0.0,85.94,85.94,Furnace with standalone ducts,Natural Gas,
268377,-2547.970564,31.32,1407,-321,1086.96,6.1,44,16,10,2.3,400.2128684,1978.0,1200.0,North West,2059.0,1388.0,,,0.0,,90.19,Central Heat Pump (shared ducts),Propane,
290683,4551.39326,0.82,2,27,668.29,4.1,2,2,0,0.4,1.752147681,1988.0,1383.0,North,1970.0,1477.5,50/50 Attic (unconditioned) - Conditioned Space,0.0,0.0,88.19,92.57,Central Heat Pump (shared ducts),Electricity,No
290615,2068.184706,6.88,0,287,295.13,6.3,14,14,1,0.5,0.0,1981.0,1176.0,North East,1083.0,812.25,50/50 Attic (unconditioned) - Conditioned Space,0.0,0.0,82.79,86.7,Central Heat Pump (shared ducts),Electricity,
290742,3771.519647,1.3,0,55,538.2,6.0,3,3,8,1.7,0.0,1980.0,2208.0,West,1843.0,1382.25,Intentionally Conditioned Space,0.0,0.0,100.0,100.0,Central Heat Pump (shared ducts),Electricity,
290260,523.9817326,14.05,146,95,215.93,10.7,10,8,17,9.2,117.573278,1900.0,1376.0,South East,3960.0,2970.0,50/50 Attic - Crawlspace (both unconditioned),0.0,0.0,82.73,90.07,Furnace / Central AC (shared ducts),Natural Gas,Yes
290941,3948.965397,0.48,0,21,563.52,6.0,1,1,-3,0.2,0.0,2006.0,2100.0,South West,1550.0,1162.5,Intentionally Conditioned Space,0.0,0.0,100.0,100.0,Central Heat Pump (shared ducts),Electricity,
291049,5500.366371,18.78,0,785,784.9,5.4,25,25,6,1.1,0.0,1999.0,1352.0,West,2000.0,1500.0,Crawlspace (unconditioned),0.0,0.0,75.0,100.0,Central Heat Pump (shared ducts),Electricity,
290848,1061.509274,8.48,68,126,299.45,7.1,8,8,0,0.0,54.69929941,1998.0,1332.0,East,1373.0,1029.75,50/50 Attic - Basement (both unconditioned),0.0,0.0,84.63,77.51,Furnace / Central AC (shared ducts),Natural Gas,No
291248,799.0977565,2.94,0,123,114.03,3.6,7,7,2,0.6,0.0,1986.0,1728.0,North West,1864.0,1398.0,Intentionally Conditioned Space,0.0,0.0,100.0,100.0,Central Heat Pump (shared ducts),Electricity,
291567,395.8727706,1.95,0,81,56.49,7.2,4,4,2,0.5,0.0,1984.0,1758.0,South,2330.0,1747.5,Basement (unconditioned),0.0,0.0,93.22,86.84,Central Heat Pump (shared ducts),Electricity,
291809,1992.500492,2.16,0,90,284.33,5.1,4,4,2,0.6,0.0,1949.0,2233.0,West,3631.0,2723.25,50/50 Attic (unconditioned) - Conditioned Space,0.0,0.0,92.1,92.1,Central Heat Pump (shared ducts),Electricity,
291332,1303.694788,2.22,0,92,186.04,4.5,5,5,3,0.6,0.0,1940.0,996.0,South East,2675.0,2455.0,Crawlspace (unconditioned),0.0,0.0,78.68,84.63,Central Heat Pump (shared ducts),Electricity,
291945,6842.129996,0.0,0,0,976.37,6.5,0,0,0,0.0,0.0,1966.0,1176.0,South West,2030.0,1522.5,50/50 Attic (unconditioned) - Conditioned Space,0.0,0.0,88.18,92.58,Furnace with standalone ducts,Electricity,
291813,502.5781205,1.25,0,52,71.72,7.0,3,3,-2,0.2,0.0,1988.0,829.0,North,1516.0,1215.0,Intentionally Conditioned Space,0.0,0.0,100.0,100.0,Central Heat Pump (shared ducts),Electricity,
251869,0.0,3.44,39,10,0.0,2.9,7,6,0,0.0,31.69063564,1967.0,780.0,South,2087.0,1990.0,Attic (unconditioned),0.0,0.0,83.27,88.51,Furnace / Central AC (shared ducts),Natural Gas,No
292266,2638.665279,0.39,0,16,376.54,5.1,1,1,1,0.4,0.0,2012.0,1282.0,South East,951.0,713.25,Intentionally Conditioned Space,0.0,0.0,100.0,100.0,Central Heat Pump (shared ducts),Electricity,
292525,808.1417446,5.08,17,157,151.83,3.9,11,14,0,0.0,13.19863372,1934.0,936.0,South West,2110.0,1582.5,Intentionally Conditioned Space,0.0,0.0,100.0,100.0,Central Heat Pump (shared ducts),Electricity,Yes
287695,-77.93500062,-0.43,-2,-11,-13.19,5.6,-1,-1,-100,0.0,-1.667140845,1993.0,1296.0,North West,1128.0,846.0,Basement (unconditioned),0.0,0.0,100.0,100.0,Furnace / Central AC (shared ducts),Natural Gas,Yes
292076,-88.19741616,2.74,0,115,-12.59,2.4,15,15,-6,0.1,0.0,1925.0,922.0,North,1485.0,1113.75,,,,,0.0,Ductless Heat Pump,Electricity,
292515,369.5488305,1.27,0,53,52.73,2.8,6,6,-11,0.1,0.0,2016.0,957.0,North West,1185.0,888.75,Intentionally Conditioned Space,0.0,0.0,100.0,100.0,Central Heat Pump (shared ducts),Electricity,
292848,1025.542663,3.66,0,153,146.34,2.6,12,12,4,0.9,0.0,1992.0,932.0,North East,1597.0,1527.0,Attic (unconditioned),0.0,0.0,78.92,84.26,Central Heat Pump (shared ducts),Electricity,
292965,652.2017245,5.36,0,88,231.63,7.6,7,8,0,0.0,32.58788238,1900.0,1016.0,South East,5398.0,4048.5,,,,,0.0,Stove or Insert,Wood,
258783,2417.424642,8.25,0,345,344.97,4.0,16,17,1,0.4,0.0,1992.0,1210.0,South East,1872.0,1404.0,50/50 Attic - Basement (both unconditioned),0.0,0.0,72.5,67.5,Central Heat Pump (shared ducts),Electricity,
250525,336.6301671,1.3,0,54,48.04,3.2,4,4,-7,0.1,0.0,1968.0,2079.0,North,2576.0,1932.0,Intentionally Conditioned Space,0.0,0.0,100.0,100.0,Central Heat Pump (shared ducts),Electricity,
293022,-2129.847059,58.66,865,-463,513.57,5.0,64,29,0,0.3,697.3946118,1946.0,1583.0,North East,3331.0,2498.25,50/50 Attic (unconditioned) - Conditioned Space,0.0,0.0,89.8,100.0,Central Heat Pump (shared ducts),Natural Gas,No
293263,1058.394164,6.31,86,165,149.7,4.4,11,11,8,1.9,23.52627644,2010.0,1675.0,East,1501.0,1624.0,50/50 Attic - Crawlspace (both unconditioned),0.0,0.0,82.03,88.78,Direct Heater,Propane,
290129,28.2819347,-0.4,-7,4,-2.11,-0.017094429,0,0,-4,,0.0,,,,,,,,,,0.0,,,
279102,-36.0920997,2.79,34,3,11.7,6.3,3,2,0,0.3,27.16126329,1920.0,1283.0,South West,3632.0,2724.0,Intentionally Conditioned Space,0.0,0.0,100.0,100.0,Furnace with standalone ducts,Natural Gas,Yes
293607,56.44453477,3.32,115,6,155.51,4.1,6,5,4,0.8,31.63282887,2020.0,1694.0,North East,1436.0,1223.0,Attic (unconditioned),0.0,0.0,88.04,88.04,Furnace / Central AC (shared ducts),Propane,Yes
289507,612.8350396,1.35,0,57,87.45,3.5,4,4,0,0.4,0.0,1975.0,1385.0,South East,1880.0,1410.0,Intentionally Conditioned Space,0.0,0.0,100.0,100.0,Central Heat Pump (shared ducts),Electricity,
294203,935.9091484,45.19,1877,-700,850.42,5.5,44,35,0,0.0,619.284006,1961.0,1152.0,South East,4240.0,3180.0,Crawlspace (unconditioned),0.0,0.0,82.33,100.0,Boiler,Fuel Oil,
294594,537.4918344,1.83,0,76,76.7,0.276023397,7,7,2,,0.0,,,,,,,,,,0.0,,,
294407,200.4339031,-0.01,0,-1,28.6,3.3,0,0,-100,0.0,0.0,2017.0,1152.0,North,831.0,623.25,Intentionally Conditioned Space,0.0,0.0,100.0,100.0,Direct Heater,Electricity,
294509,8681.403835,23.44,0,980,1238.84,4.3,34,34,4,0.9,0.0,1995.0,2548.0,East,4111.0,3083.25,Crawlspace (unconditioned),0.0,0.0,76.07,100.0,Central Heat Pump (shared ducts),Electricity,
266156,118.2289904,17.93,218,17,234.45,0.990302992,15,12,6,,0.0,,,,,,,,,,0.0,,,
294767,2894.202507,27.42,0,1146,413.0,4.4,37,37,4,0.9,0.0,1978.0,1789.0,West,4066.0,3049.5,,,,,0.0,Room AC,Electricity,
295074,250.9217975,19.53,303,-205,333.94,4.4,29,16,-6,0.2,244.294972,2010.0,2104.0,South East,1301.0,975.75,Intentionally Conditioned Space,0.0,0.0,100.0,100.0,Central Heat Pump (shared ducts),Natural Gas,No
295113,267.0257625,0.91,0,38,38.1,2.9,3,3,0,0.0,0.0,2017.0,1152.0,North,580.0,435.0,Intentionally Conditioned Space,0.0,0.0,100.0,100.0,Central Heat Pump (shared ducts),Electricity,
295273,-7460.550455,6.17,175,17,677.2,8.1,6,5,8,1.7,57.66998188,1976.0,3178.0,South,3895.0,2921.25,Basement (unconditioned),0.0,0.0,97.85,100.0,Central AC with standalone ducts,Fuel Oil,
259816,2766.028146,53.44,546,348,894.07,6.9,37,35,4,0.8,440.0539301,1940.0,2602.0,South West,5090.0,3817.5,,,,,0.0,Boiler,Natural Gas,No
259806,827.194371,2.83,0,104,104.06,2.0,12,12,-6,0.1,0.0,1983.0,960.0,North,1590.0,1192.5,50/50 Attic (unconditioned) - Conditioned Space,0.0,0.0,92.99,92.99,Central Heat Pump (shared ducts),Electricity,
254783,335.7323393,9.27,101,42,143.15,7.9,7,6,4,0.9,81.32594844,2002.0,2202.0,South West,2627.0,1970.25,Intentionally Conditioned Space,0.0,0.0,100.0,100.0,Furnace / Central AC (shared ducts),Natural Gas,No
259808,670.5610842,4.47,76,85,160.92,6.8,5,7,3,0.7,21.76889898,1998.0,2197.0,North,1970.0,1477.5,50/50 Attic (unconditioned) - Conditioned Space,0.0,0.0,94.03,94.03,Furnace / Central AC (shared ducts),Propane,Yes
263999,0.0,0.0,0,0,0.0,6.3,0,0,0,0.0,0.0,1988.0,1962.0,South East,4407.0,3305.25,Intentionally Conditioned Space,0.0,0.0,100.0,100.0,Central Heat Pump (shared ducts),Electricity,
259815,1614.992813,5.51,0,203,203.17,1.8,23,23,-4,0.2,0.0,1999.0,2356.0,North East,2033.0,1524.75,Intentionally Conditioned Space,0.0,0.0,100.0,100.0,Central Heat Pump (shared ducts),Electricity,
259965,5.860953611,6.8,238,1,239.24,5.4,9,7,6,1.2,67.81497539,1957.0,672.0,North East,2424.0,1818.0,,,,,0.0,Room AC,Propane,
267293,537.6420187,6.14,54,68,121.05,6.7,8,7,3,0.7,43.03520761,1950.0,948.0,North East,2863.0,2854.0,50/50 Attic (unconditioned) - Conditioned Space,0.0,0.0,89.07,93.08,Furnace / Central AC (shared ducts),Natural Gas,Yes
253886,86.82884539,23.4,492,11,502.7,7.4,22,19,8,1.8,231.0738494,1945.0,644.0,South East,800.0,600.0,,,,,0.0,Boiler,Fuel Oil,
253183,170.355758,10.47,123,21,144.09,9.7,8,6,2,0.6,98.84542231,1957.0,2056.0,South West,2480.0,1860.0,50/50 Attic (unconditioned) - Conditioned Space,0.0,0.0,86.19,89.98,Room AC,Natural Gas,No
257628,420.869698,1.43,0,53,52.95,4.5,5,5,-2,0.2,0.0,1996.0,1560.0,South West,4503.0,3377.25,50/50 Attic (unconditioned) - Conditioned Space,0.0,0.0,94.44,92.94,Ductless Heat Pump,Electricity,
263997,1220.293985,18.51,178,154,331.57,10.6,10,12,7,1.5,143.4834424,1975.0,2048.0,North East,2750.0,2062.5,50/50 Attic (unconditioned) - Conditioned Space,0.0,0.0,80.75,84.13,Furnace / Central AC (shared ducts),Natural Gas,No
260570,189.6309555,5.46,60,24,83.66,3.5,9,8,2,0.6,48.18791172,1983.0,1408.0,South East,2422.0,1816.5,Intentionally Conditioned Space,0.0,0.0,100.0,100.0,Furnace / Central AC (shared ducts),Natural Gas,No
260442,1084.21182,3.7,0,136,136.39,5.0,10,10,5,1.0,0.0,1977.0,1360.0,North East,1390.0,1042.5,Intentionally Conditioned Space,0.0,0.0,100.0,100.0,Central Heat Pump (shared ducts),Electricity,
262071,11570.75927,39.49,0,1456,1455.6,9.9,38,38,26,14.6,0.0,1975.0,1883.0,South East,2703.0,2027.25,50/50 Attic - Basement (both unconditioned),0.0,0.0,83.46,86.63,Central AC with standalone ducts,Electricity,
262837,1955.489327,31.77,311,246,557.44,29.4,6,6,5,1.0,250.9659449,1956.0,1244.0,North West,3190.0,2392.5,50/50 Attic (unconditioned) - Conditioned Space,0.0,0.0,85.32,89.05,Furnace / Central AC (shared ducts),Natural Gas,No
256084,601.7956425,2.06,0,76,75.71,3.2,6,6,-5,0.1,0.0,1966.0,1050.0,North West,1331.0,998.25,50/50 Attic (unconditioned) - Conditioned Space,0.0,0.0,100.0,100.0,Electric Resistance,Electricity,
252113,114.9259918,12.69,152,14,167.06,4.4,18,14,-1,0.3,122.9685542,1947.0,1908.0,North West,2089.0,1566.75,50/50 Attic (unconditioned) - Conditioned Space,0.0,0.0,87.59,91.5,Furnace / Central AC (shared ducts),Natural Gas,No
252364,1082.932717,54.28,628,136,763.89,36.2,8,8,7,1.4,505.7830385,1963.0,1008.0,East,1694.0,1355.0,50/50 Attic (unconditioned) - Conditioned Space,0.0,0.0,89.95,94.31,Furnace / Central AC (shared ducts),Natural Gas,
295722,330.7554377,2.95,26,114,163.71,3.8,6,6,12,3.8,21.38929423,1950.0,952.0,South West,2136.0,1602.0,,,,,0.0,Room AC,Natural Gas,
295616,42.15257339,13.95,171,8,283.41,8.7,10,8,2,0.6,137.5594351,1953.0,1820.0,South East,3597.0,3215.0,Basement (unconditioned),0.0,0.0,100.0,100.0,Furnace / Central AC (shared ducts),Natural Gas,No
295427,798.2042547,0.7,0,30,116.71,5.1,1,2,-3,0.2,0.0,2018.0,2369.0,South East,534.0,400.5,Intentionally Conditioned Space,0.0,0.0,100.0,100.0,Central Heat Pump (shared ducts),Electricity,
266667,5233.850076,17.86,0,659,658.42,4.4,28,28,8,1.8,0.0,1979.0,2080.0,North West,2662.0,1996.5,50/50 Attic - Basement (both unconditioned),0.0,0.0,88.56,92.99,Central Heat Pump (shared ducts),Electricity,
259926,3806.576722,12.99,0,479,478.87,2.0,50,50,-1,0.3,0.0,1993.0,1288.0,South,1686.0,1264.5,Intentionally Conditioned Space,0.0,0.0,100.0,100.0,Central Heat Pump (shared ducts),Electricity,
250068,0.0,0.0,0,0,0.0,6.8,0,0,-100,0.0,0.0,2000.0,1894.0,South,1922.0,1441.5,Attic (unconditioned),0.0,0.0,82.1,82.1,Central Heat Pump (shared ducts),Electricity,
270248,1114.290604,3.81,0,140,140.18,5.9,6,6,5,0.9,0.0,1972.0,1586.0,South East,3326.0,2494.5,Crawlspace (unconditioned),0.0,0.0,89.4,100.0,Central Heat Pump (shared ducts),Electricity,
274204,657.8490513,2.24,0,83,82.76,3.7,8,8,39,0.0,0.0,2003.0,576.0,North West,730.0,547.5,Intentionally Conditioned Space,0.0,0.0,100.0,100.0,Central Heat Pump (shared ducts),Electricity,
273870,732.597221,2.5,0,92,92.16,5.4,6,7,41,0.0,0.0,1998.0,1200.0,North East,1360.0,1020.0,Intentionally Conditioned Space,0.0,0.0,100.0,100.0,Central Heat Pump (shared ducts),Electricity,
273902,690.4502824,2.36,0,87,86.86,3.6,9,9,40,0.0,0.0,2003.0,576.0,South East,730.0,547.5,Intentionally Conditioned Space,0.0,0.0,100.0,100.0,Central Heat Pump (shared ducts),Electricity,
267302,591.7258559,21.63,244,75,317.78,8.5,15,14,7,1.4,196.091671,1962.0,2076.0,South East,4080.0,2659.0,Intentionally Conditioned Space,0.0,0.0,100.0,100.0,Furnace / Central AC (shared ducts),Natural Gas,No
267544,965.8324796,3.3,0,121,121.5,6.1,6,8,5,1.0,0.0,1948.0,1076.0,North East,2984.0,2238.0,Crawlspace (unconditioned),0.0,0.0,76.99,86.45,Central Heat Pump (shared ducts),Electricity,
263464,494.458142,9.59,98,62,160.32,39.7,1,1,4,0.9,79.06950982,1972.0,1428.0,North,1992.0,1494.0,50/50 Attic (unconditioned) - Conditioned Space,0.0,0.0,80.99,91.09,Furnace / Central AC (shared ducts),Natural Gas,No
271721,625.0592966,2.14,0,78,78.63,7.0,4,4,-1,0.3,0.0,1997.0,2336.0,East,2135.0,1601.25,50/50 Crawlspace (unconditioned) - Conditioned Space,0.0,0.0,90.39,100.0,Central Heat Pump (shared ducts),Electricity,
263112,1840.518561,6.28,0,232,231.54,7.7,11,11,6,1.1,0.0,1953.0,1059.0,North,2817.0,2112.75,50/50 Attic (unconditioned) - Conditioned Space,0.0,0.0,86.73,91.02,Central Heat Pump (shared ducts),Electricity,
254522,5486.19258,18.72,0,690,690.16,9.0,22,24,1,0.4,0.0,1998.0,3648.0,South East,4583.0,3437.25,Basement (unconditioned),0.0,0.0,100.0,100.0,Central Heat Pump (shared ducts),Electricity,
276086,0.0,0.0,0,0,0.0,4.8,0,0,0,0.0,0.0,1985.0,1584.0,West,2703.0,2027.25,Intentionally Conditioned Space,0.0,0.0,100.0,100.0,Central Heat Pump (shared ducts),Electricity,
258569,763.7490637,10.91,103,96,199.13,7.3,11,9,1,0.5,83.04320944,1995.0,1267.0,South East,1277.0,957.75,Intentionally Conditioned Space,0.0,0.0,100.0,100.0,Furnace / Central AC (shared ducts),Natural Gas,No
259782,1616.920344,15.26,121,204,324.25,3.8,23,22,7,1.4,97.37408477,1991.0,2190.0,South East,2456.0,1842.0,Intentionally Conditioned Space,0.0,0.0,99.71,99.71,Central AC with standalone ducts,Natural Gas,Yes
256593,44.16150853,4.42,53,6,58.56,16.1,2,2,-1,0.3,42.70746977,1989.0,1629.0,North,2563.0,1922.25,Intentionally Conditioned Space,0.0,0.0,100.0,100.0,Furnace / Central AC (shared ducts),Natural Gas,No
269619,755.11636,2.57,0,95,94.99,7.3,5,5,2,0.5,0.0,1979.0,1200.0,South West,1636.0,1392.0,50/50 Attic (unconditioned) - Conditioned Space,0.0,0.0,93.03,93.03,Central Heat Pump (shared ducts),Electricity,
265530,1270.382496,7.42,38,159,198.06,4.3,12,12,2,0.6,30.82461753,1990.0,1754.0,South,1984.0,1488.0,Intentionally Conditioned Space,0.0,0.0,100.0,100.0,Furnace / Central AC (shared ducts),Natural Gas,No
258534,491.3081168,11.38,120,62,182.22,7.9,10,9,7,1.5,97.02774658,1952.0,1285.0,East,3269.0,2451.75,,,,,0.0,Room AC,Natural Gas,No
269353,764.9091182,2.61,0,96,96.23,6.6,4,4,3,0.6,0.0,2003.0,2541.0,North,2638.0,1978.5,Attic (unconditioned),0.0,0.0,89.7,89.7,Central Heat Pump (shared ducts),Electricity,
262280,1303.564642,7.25,35,164,198.83,2.8,17,17,3,0.7,28.07525868,1990.0,1787.0,South East,2002.0,1501.5,Intentionally Conditioned Space,0.0,0.0,100.0,100.0,Furnace / Central AC (shared ducts),Natural Gas,Yes
268240,1182.630135,4.04,0,148,148.77,7.3,8,8,3,0.7,0.0,1994.0,1280.0,North East,1483.0,1112.25,Intentionally Conditioned Space,0.0,0.0,100.0,100.0,Central Heat Pump (shared ducts),Electricity,
267614,4697.421951,29.44,167,590,757.38,10.5,19,23,3,0.6,134.1200749,1949.0,3938.0,North East,5737.0,4302.75,Attic (unconditioned),0.0,0.0,88.62,88.62,Central AC with standalone ducts,Natural Gas,No
257918,-5661.412488,65.92,1814,-712,1101.84,4.5,58,50,14,5.2,852.3736392,1800.0,1488.0,West,4719.0,3539.25,Crawlspace (unconditioned),0.0,,78.6,0.0,Furnace with standalone ducts,Fuel Oil,
262066,960.8987658,8.82,68,121,189.69,6.6,11,11,6,1.1,55.44925035,1900.0,1143.0,North West,4743.0,3557.25,Intentionally Conditioned Space,0.0,0.0,100.0,100.0,Central Heat Pump (shared ducts),Natural Gas,No
256766,863.0718741,2.95,0,108,108.57,7.2,3,4,2,0.6,0.0,1974.0,2425.0,South West,3525.0,2643.75,Attic (unconditioned),0.0,0.0,89.46,89.46,Central Heat Pump (shared ducts),Electricity,
267984,98.60077389,0.34,0,12,12.4,3.2,1,1,-3,0.2,0.0,1999.0,1373.0,North West,1990.0,1492.5,Attic (unconditioned),0.0,0.0,88.55,88.55,Central Heat Pump (shared ducts),Electricity,
254899,3052.421051,10.41,0,384,383.99,7.4,18,18,1,0.4,0.0,1978.0,1200.0,South East,1557.0,1167.75,,,,,0.0,Ductless Heat Pump,Electricity,
257421,351.4555697,32.17,384,44,428.46,4.0,34,31,27,42.2,309.6348631,1961.0,1333.0,South West,2410.0,1807.5,Crawlspace (unconditioned),0.0,0.0,78.99,100.0,Furnace / Central AC (shared ducts),Natural Gas,Yes
267332,4694.324249,16.02,0,591,590.55,9.7,20,20,5,0.9,0.0,1912.0,2548.0,North East,4874.0,3655.5,Attic (unconditioned),0.0,0.0,85.25,85.25,Central Heat Pump (shared ducts),Electricity,
263189,729.9141516,6.45,49,92,141.0,4.4,11,12,2,0.5,39.62722891,1947.0,786.0,South East,1851.0,1388.25,Intentionally Conditioned Space,0.0,0.0,100.0,100.0,Furnace / Central AC (shared ducts),Natural Gas,No
253192,1716.306232,5.86,0,215,215.91,6.0,13,13,1,0.6,0.0,1971.0,1010.0,South West,2500.0,1875.0,Intentionally Conditioned Space,0.0,0.0,100.0,100.0,Central Heat Pump (shared ducts),Electricity,
265718,55.6081357,0.19,0,7,7.0,5.4,0,1,-7,0.1,0.0,1945.0,918.0,North West,2360.0,1770.0,Crawlspace (unconditioned),0.0,0.0,83.61,83.61,Central Heat Pump (shared ducts),Electricity,
263470,232.3244681,0.8,0,29,29.23,2.8,4,4,10,2.1,0.0,1988.0,496.0,North East,1733.0,1299.75,50/50 Attic (unconditioned) - Conditioned Space,0.0,0.0,94.84,93.34,Central Heat Pump (shared ducts),Electricity,
254411,-1066.040653,36.18,1400,-135,1266.39,7.9,28,21,7,1.6,398.2228189,1974.0,3271.0,South East,3901.0,2925.75,Intentionally Conditioned Space,0.0,0.0,100.0,100.0,Furnace with standalone ducts,Propane,Yes
255738,1074.487647,3.67,0,136,135.17,3.9,7,8,4,0.8,0.0,1942.0,1944.0,South East,1495.0,1121.25,50/50 Attic - Basement (both unconditioned),0.0,0.0,87.39,91.72,Central Heat Pump (shared ducts),Electricity,
258063,55.79349765,3.46,40,7,47.63,11.7,3,2,0,0.3,32.72503716,1920.0,1413.0,South East,3175.0,2381.25,,,,,0.0,Boiler,Natural Gas,Yes
264103,268.2087339,0.91,0,34,33.74,4.5,3,3,0,0.0,0.0,1966.0,536.0,North East,1982.0,1486.5,50/50 Attic (unconditioned) - Conditioned Space,0.0,0.0,84.53,88.64,Central Heat Pump (shared ducts),Electricity,
278888,694.7217648,2.37,0,88,87.4,4.6,7,7,6,1.3,0.0,1991.0,1106.0,North East,1196.0,1076.0,Attic (unconditioned),0.0,0.0,77.79,83.05,Central Heat Pump (shared ducts),Electricity,
252594,160.058046,5.42,61,20,80.63,5.8,9,6,6,1.1,48.74021223,1961.0,1850.0,West,1842.0,1381.5,Intentionally Conditioned Space,0.0,0.0,100.0,100.0,Furnace / Central AC (shared ducts),Natural Gas,Yes
279052,1275.249094,4.35,0,161,160.43,5.6,9,11,0,0.0,0.0,2021.0,1558.0,South West,872.0,654.0,Crawlspace (unconditioned),0.0,0.0,81.01,100.0,Central Heat Pump (shared ducts),Electricity,
267527,1256.056922,32.3,596,158,754.26,4.7,35,35,8,1.7,280.1623074,1950.0,1307.0,South East,4616.0,3462.0,Basement (unconditioned),0.0,0.0,87.54,89.83,Room AC,Fuel Oil,
266668,936.1714569,3.2,0,118,117.77,2.4,11,11,1,0.4,0.0,1998.0,1902.0,North,2786.0,2089.5,Intentionally Conditioned Space,0.0,0.0,100.0,100.0,Central Heat Pump (shared ducts),Electricity,
279791,313.5868498,26.69,545,40,584.74,9.3,19,18,14,5.0,256.2160849,1967.0,2004.0,North West,3040.0,2280.0,50/50 Basement (unconditioned) - Conditioned Space,0.0,0.0,100.0,100.0,Furnace / Central AC (shared ducts),Fuel Oil,
257601,0.0,0.0,0,0,0.0,4.3,0,0,0,0.0,0.0,1973.0,1428.0,South,2315.0,1736.25,Intentionally Conditioned Space,0.0,0.0,100.0,100.0,Central Heat Pump (shared ducts),Electricity,
256368,1727.951591,5.9,0,217,217.38,4.5,9,11,1,0.4,0.0,1994.0,2661.0,South East,3788.0,2841.0,Intentionally Conditioned Space,0.0,0.0,100.0,100.0,Central Heat Pump (shared ducts),Electricity,No
269539,358.9581865,9.27,283,45,328.0,8.4,7,7,1,0.5,80.42426757,2022.0,5449.0,West,2806.0,2104.5,Intentionally Conditioned Space,0.0,0.0,100.0,100.0,Furnace / Central AC (shared ducts),Propane,Yes
272334,472.5547006,42.57,509,59,567.7,5.4,35,31,4,0.8,409.5590943,1925.0,1504.0,North West,5349.0,4011.75,Crawlspace (unconditioned),0.0,0.0,82.82,100.0,Furnace with standalone ducts,Natural Gas,No
261349,1760.686354,6.01,0,221,221.49,7.6,7,7,7,1.5,0.0,1962.0,2496.0,South East,3184.0,2388.0,50/50 Attic (unconditioned) - Conditioned Space,0.0,0.0,80.16,83.83,Central Heat Pump (shared ducts),Electricity,
276331,8869.981182,30.27,0,1116,1115.84,5.9,33,33,8,1.9,0.0,1937.0,1887.0,West,4616.0,3462.0,Attic (unconditioned),0.0,0.0,85.35,90.05,Central Heat Pump (shared ducts),Electricity,
266777,1116.869843,3.81,0,140,140.5,3.9,8,8,5,0.9,0.0,1990.0,2170.0,South West,1844.0,1383.0,Intentionally Conditioned Space,0.0,0.0,100.0,100.0,Central Heat Pump (shared ducts),Electricity,
272118,1385.73439,39.34,430,174,603.8,7.4,27,26,7,1.3,346.0754787,1946.0,2015.0,West,3350.0,2512.5,Intentionally Conditioned Space,0.0,0.0,100.0,100.0,Central Heat Pump (shared ducts),Natural Gas,No
266502,1990.097045,6.79,0,251,250.35,8.7,7,7,-1,0.3,0.0,2002.0,2406.0,North,3432.0,2574.0,Intentionally Conditioned Space,0.0,0.0,100.0,100.0,Central Heat Pump (shared ducts),Electricity,
270464,609.9881948,2.08,0,77,76.74,6.2,5,5,-1,0.3,0.0,2007.0,1956.0,North East,1742.0,1306.5,Crawlspace (unconditioned),0.0,0.0,86.78,100.0,Central Heat Pump (shared ducts),Electricity,
252925,28.51102388,66.99,1424,4,1427.24,3.9,62,56,7,1.5,668.9359231,1964.0,1252.0,North East,3049.0,2286.75,Crawlspace (unconditioned),0.0,0.0,74.21,100.0,Furnace / Central AC (shared ducts),Fuel Oil,
256456,921.81395,5.54,30,116,145.73,3.3,12,11,1,0.5,23.98937877,1990.0,1577.0,South East,2031.0,1523.25,Intentionally Conditioned Space,0.0,0.0,100.0,100.0,Furnace / Central AC (shared ducts),Natural Gas,No
269232,3131.151497,10.69,0,394,393.9,8.0,16,17,6,1.2,0.0,1950.0,1705.0,East,3443.0,2582.25,Basement (unconditioned),0.0,0.0,100.0,100.0,Central Heat Pump (shared ducts),Electricity,
273124,717.7351203,2.45,0,90,90.29,4.2,5,5,-1,0.3,0.0,1988.0,2115.0,South West,3939.0,2954.25,50/50 Basement (unconditioned) - Conditioned Space,0.0,0.0,100.0,100.0,Central Heat Pump (shared ducts),Electricity,
275463,-86.23138114,14.26,310,-10,298.89,5.8,17,15,44,0.0,145.5404233,1946.0,938.0,South East,2280.0,1710.0,50/50 Attic (unconditioned) - Conditioned Space,0.0,0.0,89.08,93.1,Room AC,Fuel Oil,
279435,247.0920883,14.44,169,31,199.86,4.4,16,16,16,7.3,136.0079362,1980.0,1400.0,,1890.0,1417.5,,,,,0.0,Boiler,Natural Gas,No
259065,9021.444134,30.79,0,1135,1134.9,7.2,37,39,10,2.7,0.0,1965.0,1635.0,North East,5771.0,4328.25,Attic (unconditioned),0.0,0.0,73.6,88.13,Central Heat Pump (shared ducts),Electricity,
269992,4921.523724,16.8,0,619,619.13,14.6,15,15,13,4.2,0.0,1962.0,1935.0,North West,5811.0,3691.0,Attic (unconditioned),0.0,0.0,77.79,83.05,Central Heat Pump (shared ducts),Electricity,
276121,3831.542953,13.08,0,483,482.01,5.8,25,25,7,1.3,0.0,1997.0,1900.0,North West,2563.0,1922.25,Intentionally Conditioned Space,0.0,0.0,100.0,100.0,Central Heat Pump (shared ducts),Electricity,
257909,410.2547083,9.06,95,51,146.66,29.3,2,2,4,0.8,76.59054269,1955.0,1192.0,East,2017.0,1512.75,50/50 Attic (unconditioned) - Conditioned Space,0.0,0.0,87.66,91.57,Furnace / Central AC (shared ducts),Natural Gas,No
266671,305.7493777,1.04,0,38,38.46,7.8,2,2,-5,0.1,0.0,1974.0,1176.0,South East,1885.0,1413.75,,,,,0.0,Electric Resistance,Electricity,
253889,-3310.631603,58.78,869,-416,453.08,6.5,55,24,4,0.9,700.7043253,1994.0,1749.0,South West,2077.0,1557.75,Crawlspace (unconditioned),0.0,0.0,100.0,100.0,Furnace / Central AC (shared ducts),Natural Gas,No
253503,-5962.359012,16.65,1302,-750,551.02,6.3,20,5,3,0.7,369.9546261,2006.0,1476.0,West,1658.0,1243.5,Intentionally Conditioned Space,0.0,0.0,100.0,100.0,Furnace / Central AC (shared ducts),Propane,Yes
256592,586.1429199,8.59,82,73,155.57,3.5,15,13,2,0.6,65.93877568,1990.0,1274.0,West,1178.0,883.5,50/50 Attic (unconditioned) - Conditioned Space,0.0,0.0,80.98,91.15,Furnace / Central AC (shared ducts),Natural Gas,No
258945,5039.963929,17.2,0,634,634.03,5.0,34,34,1,0.5,0.0,1977.0,1200.0,South East,2249.0,1686.75,,,0.0,,100.0,Room AC,Electricity,
266768,582.5512514,11.26,115,73,188.3,6.7,13,11,1,0.5,92.68831943,1953.0,1841.0,South,3075.0,2306.25,50/50 Basement (unconditioned) - Conditioned Space,0.0,0.0,100.0,100.0,Furnace / Central AC (shared ducts),Natural Gas,No
278978,570.5048343,1.95,0,72,71.77,4.4,4,4,2,0.6,0.0,1979.0,2171.0,South East,1499.0,1124.25,Intentionally Conditioned Space,0.0,0.0,100.0,100.0,Central Heat Pump (shared ducts),Electricity,
265865,1761.430775,6.01,0,221,221.59,3.9,13,13,5,0.9,0.0,1996.0,2009.0,South West,2864.0,2148.0,Intentionally Conditioned Space,0.0,0.0,100.0,100.0,Central Heat Pump (shared ducts),Electricity,
263709,962.500049,6.7,120,121,241.31,6.7,8,7,4,0.8,34.18681871,1987.0,3579.0,North East,3285.0,2463.75,Intentionally Conditioned Space,0.0,0.0,100.0,100.0,Furnace / Central AC (shared ducts),Propane,Yes
264039,3329.122575,12.52,15,419,433.2,4.1,24,30,4,0.8,11.60639057,1964.0,1176.0,North East,2300.0,1725.0,50/50 Crawlspace (unconditioned) - Conditioned Space,0.0,0.0,90.82,91.07,Central Heat Pump (shared ducts),Electricity,
273621,2804.866909,9.58,0,353,352.85,9.0,9,9,6,1.1,0.0,1986.0,2846.0,West,4477.0,3357.75,50/50 Crawlspace (unconditioned) - Conditioned Space,0.0,0.0,78.21,100.0,Central Heat Pump (shared ducts),Electricity,
269980,716.5684075,2.44,0,91,90.14,4.5,5,5,46,0.0,0.0,1960.0,2752.0,South East,2144.0,1813.0,Intentionally Conditioned Space,0.0,0.0,100.0,100.0,Central Heat Pump (shared ducts),Electricity,
264803,3491.46341,11.91,0,439,439.23,9.6,10,11,8,1.7,0.0,1989.0,2359.0,South West,5337.0,4002.75,50/50 Attic (unconditioned) - Conditioned Space,0.0,0.0,85.85,90.06,Central Heat Pump (shared ducts),Electricity,
262098,-101.6941179,11.22,143,-13,130.68,8.6,14,6,1,0.5,115.6131892,1950.0,952.0,South West,3634.0,2725.5,Intentionally Conditioned Space,0.0,0.0,100.0,100.0,Furnace with standalone ducts,Natural Gas,Yes
266476,-3285.176475,38.62,618,-413,205.2,5.2,46,15,-4,0.2,498.3749677,1900.0,1296.0,South East,5310.0,3982.5,50/50 Attic - Crawlspace (both unconditioned),0.0,0.0,82.64,93.91,Furnace / Central AC (shared ducts),Natural Gas,Yes
253331,220.153032,5.79,63,27,90.28,6.5,8,6,0,0.4,50.44013289,2005.0,2488.0,West,2467.0,1850.25,Attic (unconditioned),0.0,0.0,89.12,89.12,Central AC with standalone ducts,Natural Gas,No
272985,3559.440147,12.15,0,448,447.78,4.1,22,22,4,0.8,0.0,1988.0,2232.0,South,3203.0,2402.25,50/50 Attic (unconditioned) - Conditioned Space,0.0,0.0,86.87,91.14,Central Heat Pump (shared ducts),Electricity,
267530,1768.334304,30.24,301,222,522.91,10.7,15,17,7,1.4,242.1103622,1938.0,2433.0,East,5385.45,4039.09,Intentionally Conditioned Space,0.0,0.0,99.71,99.71,Central AC with standalone ducts,Natural Gas,No
259941,7489.420568,25.56,0,942,942.17,4.8,44,44,3,0.7,0.0,1977.0,1200.0,North East,1172.0,879.0,Intentionally Conditioned Space,0.0,0.0,99.71,100.0,Central Heat Pump (shared ducts),Electricity,
254825,506.7998706,3.34,20,64,83.81,8.7,3,3,-1,0.3,16.15473844,1989.0,3530.0,South West,4090.0,3067.5,50/50 Attic (unconditioned) - Conditioned Space,0.0,0.0,80.69,84.96,Central Heat Pump (shared ducts),Electricity,Yes
273824,2705.995222,9.23,0,340,340.41,5.3,14,14,3,0.6,0.0,1992.0,3036.0,West,2901.0,2175.75,50/50 Attic (unconditioned) - Conditioned Space,0.0,0.0,82.29,86.22,Central Heat Pump (shared ducts),Electricity,
254092,4234.751244,14.45,0,533,532.73,3.0,29,31,8,1.8,0.0,1992.0,1235.0,South,1846.0,1384.5,Attic (unconditioned),0.0,0.0,84.17,84.17,Central Heat Pump (shared ducts),Electricity,
265707,838.2210226,2.87,0,105,105.45,3.4,7,7,0,0.0,0.0,1975.0,960.0,South,1581.0,1185.75,Crawlspace (unconditioned),0.0,0.0,83.56,83.56,Central Heat Pump (shared ducts),Electricity,
266613,1456.029055,4.97,0,183,183.17,5.8,7,8,6,1.2,0.0,1977.0,2100.0,South East,3061.0,2295.75,Basement (unconditioned),0.0,0.0,100.0,100.0,Central Heat Pump (shared ducts),Electricity,
256107,507.3291742,1.73,0,64,63.82,7.7,3,3,-6,0.1,0.0,1996.0,2454.0,North West,2526.0,1894.5,Intentionally Conditioned Space,0.0,0.0,100.0,100.0,Central Heat Pump (shared ducts),Electricity,
259812,2691.222051,9.19,0,339,338.56,2.7,25,25,3,0.6,0.0,1996.0,2181.0,West,1760.0,1320.0,Intentionally Conditioned Space,0.0,0.0,100.0,100.0,Central Heat Pump (shared ducts),Electricity,
269784,2897.744604,14.7,169,365,533.71,9.1,12,12,-5,0.1,48.1035402,1860.0,7430.0,West,9585.0,7188.75,70/30 Conditioned Space - Garage (unconditioned),0.0,0.0,95.57,95.57,Central Heat Pump (shared ducts),Electricity,No
263712,2246.04418,7.66,0,282,282.55,6.4,15,15,2,0.5,0.0,2000.0,2756.0,East,3586.0,2689.5,Intentionally Conditioned Space,0.0,0.0,100.0,100.0,Central Heat Pump (shared ducts),Electricity,
255038,166.9986487,11.9,140,21,161.57,6.1,11,10,0,0.4,113.2679351,1949.0,1336.0,South,2426.0,1819.5,50/50 Attic (unconditioned) - Conditioned Space,0.0,0.0,87.72,92.05,Furnace / Central AC (shared ducts),Natural Gas,Yes
278783,320.4461132,1.09,0,40,40.31,14.4,1,1,0,0.4,0.0,2015.0,1792.0,East,1322.0,991.5,50/50 Attic - Basement (both unconditioned),0.0,0.0,85.34,85.34,Central Heat Pump (shared ducts),Electricity,
273687,2452.654255,8.37,0,309,308.54,3.9,17,17,45,0.0,0.0,1975.0,1343.0,North East,2240.0,1680.0,50/50 Basement (unconditioned) - Conditioned Space,0.0,0.0,100.0,100.0,Central Heat Pump (shared ducts),Electricity,
269143,1250.768689,13.08,110,157,266.62,3.5,19,20,4,0.8,88.05136744,1991.0,1526.0,South East,4629.0,3471.75,Intentionally Conditioned Space,0.0,0.0,100.0,100.0,Furnace / Central AC (shared ducts),Natural Gas,Yes
256480,-1366.18439,11.47,567,-172,395.37,3.8,23,7,5,1.0,161.2898184,1993.0,1000.0,South West,1625.0,1218.75,Attic (unconditioned),0.0,0.0,84.52,85.6,Central Heat Pump (shared ducts),Propane,No
252349,565.2865667,9.7,96,71,167.57,7.0,13,9,5,1.0,77.72716303,1994.0,1760.0,North West,2061.0,1545.75,Crawlspace (unconditioned),0.0,0.0,80.38,100.0,Ductless Heat Pump,Electricity,Yes
251745,699.8078572,2.96,11,88,99.47,8.3,5,5,6,1.3,5.713153892,1994.0,1408.0,North West,1435.0,1076.25,Intentionally Conditioned Space,0.0,0.0,100.0,100.0,Electric Resistance,Electricity,
268940,1152.445692,3.93,0,145,144.98,4.0,13,13,-3,0.2,0.0,2007.0,1587.0,South East,1255.0,941.25,Attic (unconditioned),0.0,0.0,88.84,100.0,Central Heat Pump (shared ducts),Electricity,
253451,1511.294835,5.16,0,190,190.12,7.3,6,6,2,0.5,0.0,1998.0,6165.0,South West,4230.0,3172.5,Attic (unconditioned),0.0,0.0,89.41,89.41,Central Heat Pump (shared ducts),Electricity,
255067,2376.152838,8.11,0,299,298.92,3.9,16,17,3,0.7,0.0,1992.0,2432.0,North West,1880.0,1410.0,Intentionally Conditioned Space,0.0,0.0,100.0,100.0,Central Heat Pump (shared ducts),Electricity,
259699,1012.666711,3.46,0,128,127.39,3.2,9,9,2,0.6,0.0,1984.0,968.0,North West,4494.0,3370.5,Intentionally Conditioned Space,0.0,0.0,100.0,100.0,Central Heat Pump (shared ducts),Electricity,
263723,57.62998887,4.09,49,8,55.66,4.0,8,5,-1,0.3,39.00662975,1990.0,1216.0,South East,949.0,711.75,Attic (unconditioned),0.0,0.0,86.38,86.38,Central Heat Pump (shared ducts),Natural Gas,No
296683,2075.541304,7.08,0,296,296.18,5.8,16,16,6,1.1,0.0,2019.0,1470.0,South East,554.0,415.5,Intentionally Conditioned Space,0.0,0.0,100.0,100.0,Central Heat Pump (shared ducts),Electricity,
296702,793.3277456,2.71,0,113,113.21,2.4,10,10,0,0.4,0.0,2019.0,1444.0,East,632.0,474.0,Intentionally Conditioned Space,0.0,0.0,100.0,100.0,Central Heat Pump (shared ducts),Electricity,
275461,844.923842,4.37,19,106,124.75,0.512762785,9,8,1,0.4,14.87379195,1964.0,2786.0,North East,4040.0,3030.0,50/50 Attic - Crawlspace (both unconditioned),0.0,0.0,87.69,93.72,Central Heat Pump (shared ducts),Electricity,Yes
270441,27.74471826,22.63,480,4,483.22,1.676153401,18,16,8,1.8,225.4119974,1972.0,1755.0,West,2674.0,2005.5,Basement (unconditioned),0.0,0.0,90.81,100.0,Furnace / Central AC (shared ducts),Fuel Oil,
265048,1105.460491,3.78,0,139,139.07,0.358845744,11,11,-4,0.2,0.0,1999.0,1357.0,North West,1578.0,1183.5,Intentionally Conditioned Space,0.0,0.0,100.0,100.0,Central Heat Pump (shared ducts),Electricity,
296509,-67.9896664,6.75,79,18,47.82,8.2,8,5,-2,0.2,63.36767056,2012.0,1601.0,North West,1648.0,1236.0,50/50 Attic - Crawlspace (both unconditioned),0.0,0.0,81.18,87.0,Furnace / Central AC (shared ducts),Natural Gas,No
296814,5250.441027,4.25,11,164,831.36,4.4,8,8,46,0.0,3.119579718,1970.0,960.0,North East,3058.0,2293.5,,,,,0.0,Electric Resistance,Electricity,
296884,1831.883802,13.69,158,40,788.05,6.6,11,11,9,2.1,127.2135278,1973.0,2790.0,South West,6862.0,5146.5,Intentionally Conditioned Space,0.0,0.0,100.0,100.0,Furnace / Central AC (shared ducts),Natural Gas,No
270298,1591.553768,6.96,53,201,253.81,0.610293293,6,7,4,0.9,15.23850266,1998.0,4172.0,East,4081.0,3060.75,70/30 Conditioned Space - Garage (unconditioned),0.0,0.0,96.32,100.0,Furnace with standalone ducts,Propane,Yes
265861,6944.291214,23.7,0,873,873.59,3.566169254,27,27,7,1.3,0.0,1920.0,2400.0,South West,5630.0,4222.5,,,,,0.0,Ductless Heat Pump,Electricity,
255663,1193.380699,5.55,18,150,168.41,0.46549969,12,12,1,0.5,14.73292931,1996.0,1768.0,North East,2012.0,1509.0,50/50 Crawlspace (unconditioned) - Conditioned Space,0.0,0.0,83.01,93.22,Central Heat Pump (shared ducts),Electricity,Yes
264332,0.0,0.0,0,0,0.0,0.0,0,0,0,0.0,0.0,1920.0,1596.0,South East,2515.0,1886.25,Intentionally Conditioned Space,0.0,0.0,100.0,100.0,Furnace / Central AC (shared ducts),Natural Gas,
267840,287.6498329,0.99,0,37,36.19,0.14771961,1,1,1,0.6,0.0,1936.0,2304.0,South East,2176.0,1632.0,Attic (unconditioned),0.0,0.0,84.4,84.4,Central Heat Pump (shared ducts),Electricity,
278380,2148.527775,27.65,715,270,984.87,1.946228756,28,24,4,0.8,203.1875778,1976.0,3119.0,South East,3847.0,2885.25,Attic (unconditioned),0.0,0.0,78.35,100.0,Ductless Heat Pump,Electricity,
260038,1595.326499,7.04,20,200,220.5,0.903893915,11,15,10,2.5,15.96197986,1956.0,1504.0,North West,2133.0,1599.75,50/50 Attic (unconditioned) - Conditioned Space,0.0,0.0,90.21,94.31,Furnace with standalone ducts,Natural Gas,No
257626,35.1222195,1.92,22,4,26.83,0.10715777,4,4,4,0.8,18.0604821,2002.0,1344.0,North West,1900.0,1425.0,50/50 Attic (unconditioned) - Conditioned Space,0.0,0.0,94.17,94.17,Furnace / Central AC (shared ducts),Natural Gas,Yes
262797,93.46844508,8.71,104,0,104.14,0.475269527,1,1,2,0.5,83.91711587,1959.0,1776.0,North East,2169.0,1626.75,50/50 Attic (unconditioned) - Conditioned Space,0.0,0.0,76.29,85.4,Furnace / Central AC (shared ducts),Natural Gas,Yes
260036,241.2293577,0.33,-6,31,24.22,0.097673691,0,2,3,0.9,-4.942882268,1970.0,960.0,South East,3730.0,2797.5,Intentionally Conditioned Space,0.0,0.0,100.0,100.0,Furnace / Central AC (shared ducts),Natural Gas,Yes
252864,1189.053133,6.84,59,150,208.83,0.591897233,11,11,2,0.6,27.84157848,1952.0,960.0,West,1783.0,1337.25,50/50 Attic (unconditioned) - Conditioned Space,0.0,0.0,89.05,93.06,Furnace / Central AC (shared ducts),Fuel Oil,
266617,1113.678744,4.91,14,140,153.97,0.63117384,7,8,5,1.0,11.17608216,1925.0,1671.0,North West,5219.0,3914.25,Intentionally Conditioned Space,0.0,0.0,100.0,100.0,Central Heat Pump (shared ducts),Electricity,
259225,145.7348869,7.42,86,18,104.25,0.441940237,11,9,2,0.5,69.23794536,1900.0,252.0,,1707.0,1280.25,,,,,0.0,Room AC,Natural Gas,
273761,3969.250705,13.54,0,500,499.33,1.28846642,18,19,4,0.9,0.0,1959.0,2874.0,North West,3296.0,2472.0,Attic (unconditioned),0.0,0.0,88.9,100.0,Central Heat Pump (shared ducts),Electricity,
258532,42.2191124,5.3,64,5,69.22,0.286762298,18,15,5,1.1,51.50084255,1990.0,948.0,North West,777.0,582.75,Attic (unconditioned),0.0,0.0,87.74,87.74,Furnace / Central AC (shared ducts),Natural Gas,No
253805,997.4092351,3.41,0,125,125.47,0.512209243,15,15,2,0.6,0.0,1968.0,672.0,South East,760.0,570.0,,,,,0.0,Direct Heater,Electricity,
264106,248.7757307,7.97,88,32,119.59,0.504974788,14,11,-2,0.3,71.14646783,1964.0,916.0,North East,1687.0,1265.25,Intentionally Conditioned Space,0.0,0.0,100.0,100.0,Room AC,Natural Gas,No
263144,1160.032048,9.3,66,146,212.23,0.659831943,10,10,4,0.8,53.42731374,1956.0,1933.0,South East,3641.0,2730.75,50/50 Attic (unconditioned) - Conditioned Space,0.0,0.0,86.07,90.3,Central Heat Pump (shared ducts),Electricity,No
258841,3235.226344,11.05,0,407,406.99,1.050193302,22,22,7,1.3,0.0,1965.0,1591.0,North East,2156.0,1617.0,Crawlspace (unconditioned),0.0,0.0,86.44,100.0,Central Heat Pump (shared ducts),Electricity,
258728,293.3248174,9.3,103,37,139.93,0.590834746,9,7,7,1.3,83.02542551,1953.0,858.0,South East,2644.0,1983.0,Basement (unconditioned),0.0,0.0,100.0,100.0,Furnace with standalone ducts,Natural Gas,No
255620,1166.662401,3.98,0,147,146.77,0.378712618,5,5,3,0.7,0.0,1992.0,3117.0,West,3383.0,2537.25,50/50 Crawlspace (unconditioned) - Conditioned Space,0.0,0.0,90.12,90.12,Central Heat Pump (shared ducts),Electricity,
259112,4575.482189,15.62,0,576,575.6,1.485256436,16,16,6,1.3,0.0,1968.0,1647.0,North West,3854.0,2890.5,50/50 Attic (unconditioned) - Conditioned Space,0.0,0.0,100.0,100.0,Direct Heater,Electricity,
255654,885.9759104,3.02,0,112,111.46,0.454983807,16,16,0,0.3,0.0,1969.0,832.0,South East,2131.0,1598.25,50/50 Attic (unconditioned) - Conditioned Space,0.0,0.0,93.18,92.77,Central Heat Pump (shared ducts),Electricity,
271524,3121.167075,10.65,0,392,392.64,1.013168294,21,21,-1,0.3,0.0,1979.0,2576.0,East,5004.0,4078.0,Basement (unconditioned),0.0,0.0,92.21,91.34,Central Heat Pump (shared ducts),Electricity,
269147,193.6812822,7.37,83,25,107.64,0.418659371,9,7,-6,0.1,67.10450805,1962.0,2602.0,South East,3196.0,2397.0,50/50 Crawlspace (unconditioned) - Conditioned Space,0.0,0.0,95.09,100.0,Furnace / Central AC (shared ducts),Natural Gas,Yes
255296,5496.759229,18.76,0,692,691.49,1.784314021,20,21,6,1.1,0.0,1954.0,2420.0,,4006.0,3004.5,Crawlspace (unconditioned),0.0,0.0,100.0,100.0,Central Heat Pump (shared ducts),Electricity,
273328,1837.192425,10.38,145,231,375.59,0.848850067,13,12,4,0.8,41.07962177,1992.0,3502.0,North,3213.0,2409.75,Basement (unconditioned),0.0,0.0,100.0,100.0,Central Heat Pump (shared ducts),Electricity,Yes
278933,50.01566143,20.27,250,7,255.62,1.081470047,23,21,0,0.0,200.9117998,1947.0,1057.0,East,2084.0,1563.0,Crawlspace (unconditioned),0.0,0.0,78.67,100.0,Furnace / Central AC (shared ducts),Natural Gas,No
275941,1109.089456,3.78,0,140,139.52,0.569561471,9,9,6,1.3,0.0,1981.0,1152.0,North East,2015.0,1511.25,Intentionally Conditioned Space,0.0,0.0,100.0,100.0,Central Heat Pump (shared ducts),Electricity,
273078,9368.266754,31.97,0,1178,1178.53,5.5,46,47,4,0.8,0.0,1971.0,978.0,North West,2895.0,2171.25,,,0.0,,100.0,Central Heat Pump (shared ducts),Electricity,
273466,3067.170409,10.46,0,386,385.85,1.575113784,28,28,1,0.5,0.0,1993.0,1080.0,North West,1559.0,1169.25,Intentionally Conditioned Space,0.0,0.0,100.0,100.0,Central Heat Pump (shared ducts),Electricity,
252766,0.0,0.0,0,0,0.0,0.0,0,0,0,0.0,0.0,1999.0,1529.0,North,1857.0,1392.75,50/50 Attic (unconditioned) - Conditioned Space,0.0,0.0,94.73,93.23,Central Heat Pump (shared ducts),Electricity,
250069,1003.695393,3.42,0,126,126.27,0.515437435,9,9,-6,0.1,0.0,1961.0,1141.0,North East,1564.0,1173.0,Crawlspace (unconditioned),0.0,0.0,100.0,100.0,Central Heat Pump (shared ducts),Electricity,
250105,-2017.863106,25.01,396,-254,142.0,0.655000492,45,13,1,0.6,318.9840275,1951.0,1108.0,North,2637.0,1977.75,Attic (unconditioned),0.0,0.0,87.35,85.03,Central Heat Pump (shared ducts),Natural Gas,No
275017,7823.961097,26.7,0,984,984.25,4.017914665,55,55,6,1.3,0.0,1964.0,1008.0,North East,2976.0,2232.0,50/50 Attic (unconditioned) - Conditioned Space,0.0,0.0,89.47,100.0,Room AC,Electricity,
250858,375.4358258,1.28,0,47,47.23,0.121870975,3,3,20,13.6,0.0,2004.0,1496.0,South,1045.0,783.75,50/50 Crawlspace (unconditioned) - Conditioned Space,0.0,0.0,87.6,92.93,Central Heat Pump (shared ducts),Electricity,
249142,2427.49216,8.28,0,306,305.38,1.246613605,12,12,0,0.4,0.0,2003.0,3472.0,North West,1964.0,1473.0,Intentionally Conditioned Space,0.0,0.0,100.0,100.0,Electric Resistance,Electricity,
250880,103.2005853,6.01,70,13,83.16,0.352819599,6,4,0,0.4,56.54884977,1972.0,2084.0,South East,2051.0,1538.25,50/50 Attic (unconditioned) - Conditioned Space,0.0,0.0,87.33,91.21,Furnace with standalone ducts,Natural Gas,
250333,25.76321628,6.4,78,3,81.58,0.347931301,7,5,3,0.7,63.1272852,1968.0,2000.0,North East,2749.0,2061.75,50/50 Attic (unconditioned) - Conditioned Space,0.0,0.0,87.45,91.35,Furnace with standalone ducts,Natural Gas,
270264,9.568935936,11.9,196,1,196.82,1.062917064,12,11,10,2.3,118.705536,1979.0,936.0,East,1450.0,1087.5,50/50 Attic (unconditioned) - Conditioned Space,0.0,0.0,90.19,94.29,Central Heat Pump (shared ducts),Fuel Oil,
216395,269.8443997,64.38,2313,38,2351.9,4.038651565,36,28,11,2.9,634.5713883,1923.0,2210.0,West,3446.0,2584.5,Crawlspace (unconditioned),0.0,0.0,82.05,100.0,Central Heat Pump (shared ducts),Propane,No
267807,-78.86900281,12.71,161,-10,151.21,0.662810705,13,10,2,0.6,129.8401604,1900.0,2232.0,South West,9212.0,6909.0,Intentionally Conditioned Space,0.0,0.0,100.0,100.0,Furnace with standalone ducts,Natural Gas,Yes
271720,1176.974138,4.01,0,148,148.06,0.60442295,7,7,-6,0.1,0.0,1900.0,1666.0,South East,5399.0,4049.25,Intentionally Conditioned Space,0.0,0.0,100.0,100.0,Central Heat Pump (shared ducts),Electricity,
250605,0.0,0.0,0,0,0.0,0.0,0,0,-100,0.0,0.0,1972.0,1260.0,South,1924.0,1443.0,Intentionally Conditioned Space,0.0,0.0,100.0,100.0,Central Heat Pump (shared ducts),Electricity,
261447,0.0,0.0,0,0,0.0,0.0,0,0,0,0.0,0.0,1930.0,1408.0,North East,6603.0,4952.25,,,,,0.0,Direct Heater,Propane,
250095,26.99998401,6.05,74,4,77.23,0.32955698,1,1,1,0.5,59.54194948,1955.0,1066.0,South,2512.0,1884.0,50/50 Attic (unconditioned) - Conditioned Space,0.0,0.0,88.88,92.89,Furnace with standalone ducts,Natural Gas,
278190,1403.566338,4.79,0,177,176.57,0.45561448,7,7,0,0.0,0.0,1949.0,1008.0,North,2390.0,1792.5,,,,,0.0,Electric Resistance,Electricity,
250524,-6022.630399,26.54,584,-757,-173.12,0.542342473,34,11,-15,0.0,471.0223665,1963.0,1704.0,South East,2516.0,1887.0,Intentionally Conditioned Space,0.0,0.0,100.0,100.0,Furnace / Central AC (shared ducts),Natural Gas,No
265928,2533.77502,11.04,84,318,402.88,1.448222955,21,19,9,2.1,23.92269471,1975.0,1280.0,South East,2592.73,1252.5,Intentionally Conditioned Space,0.0,0.0,100.0,100.0,Central Heat Pump (shared ducts),Electricity,
252361,22.83956059,4.21,51,3,54.06,0.226134797,4,3,1,0.4,41.25250868,2002.0,1697.0,North East,1777.0,1332.75,Attic (unconditioned),0.0,0.0,79.7,89.15,Furnace / Central AC (shared ducts),Natural Gas,No
253256,-7.123980515,5.14,64,-1,63.26,0.271818742,3,3,-1,0.3,51.70337081,1956.0,2000.0,West,4137.0,3102.75,Intentionally Conditioned Space,0.0,0.0,100.0,100.0,Furnace with standalone ducts,Natural Gas,
268657,310.8845665,4.85,47,39,86.1,0.360400471,7,6,1,0.5,37.86286355,1989.0,1701.0,North East,2183.0,1637.25,Intentionally Conditioned Space,0.0,0.0,100.0,100.0,Furnace / Central AC (shared ducts),Natural Gas,Yes
211428,2310.659211,13.58,71,330,400.47,1.052299997,19,18,0,0.4,57.0034484,1996.0,2717.0,North,2742.0,2056.5,Attic (unconditioned),338.0,169.0,62.65,76.47,Central Heat Pump (shared ducts),Electricity,
265465,4569.157756,15.59,0,574,574.8,2.346443921,24,24,9,1.7,0.0,1989.0,1380.0,North West,2343.0,1757.25,Intentionally Conditioned Space,0.0,0.0,100.0,100.0,Ductless Heat Pump,Electricity,
249554,-1464.41709,42.9,1019,-184,835.17,3.067223019,37,31,3,0.7,478.9873423,1964.0,1776.0,South East,2560.0,1920.0,Intentionally Conditioned Space,0.0,0.0,100.0,100.0,Central Heat Pump (shared ducts),Electricity,
250299,33.9087322,6.11,74,5,78.64,0.328741259,6,5,1,0.4,59.92721198,1962.0,1072.0,South,5680.0,4260.0,50/50 Attic (unconditioned) - Conditioned Space,0.0,0.0,88.87,92.88,Furnace / Central AC (shared ducts),Natural Gas,
250509,87.5342067,0.3,0,11,11.01,0.028414654,0,0,-8,0.1,0.0,1995.0,1330.0,East,1910.0,1432.5,Attic (unconditioned),0.0,0.0,91.53,89.94,Central Heat Pump (shared ducts),Electricity,
265128,0.0,0.0,0,0,0.0,0.0,0,0,0,0.0,0.0,1961.0,1718.0,South East,1830.0,1372.5,Crawlspace (unconditioned),0.0,0.0,88.62,88.62,Central Heat Pump (shared ducts),Electricity,Yes
276919,-4077.197064,45.4,890,-513,376.86,3.470222956,51,35,3,0.7,593.1796939,1976.0,2004.0,South,2617.0,1962.75,Intentionally Conditioned Space,0.0,0.0,100.0,100.0,Stove or Insert,Wood,
252785,113.5922069,6.96,140,15,154.23,0.544645266,9,7,3,0.7,65.75326631,1971.0,1232.0,West,1302.0,976.5,Intentionally Conditioned Space,0.0,0.0,99.71,99.71,Central AC with standalone ducts,Fuel Oil,
250322,898.812052,3.07,0,113,113.07,0.29176518,5,5,5,1.0,0.0,1973.0,960.0,East,4311.0,3233.25,Crawlspace (unconditioned),0.0,0.0,83.41,83.41,Central Heat Pump (shared ducts),Electricity,
271528,2972.058064,10.14,0,374,373.89,1.526269818,20,20,5,0.9,0.0,1959.0,1084.0,North East,2041.0,1798.0,Basement (unconditioned),0.0,0.0,85.0,88.86,Central Heat Pump (shared ducts),Electricity,
250933,2112.549886,7.21,0,266,265.76,1.084878243,9,11,-1,0.3,0.0,1965.0,1063.0,East,1971.0,1478.25,50/50 Attic (unconditioned) - Conditioned Space,0.0,0.0,83.75,87.79,Central Heat Pump (shared ducts),Electricity,
250481,7946.916621,27.12,0,1000,999.72,2.579664518,49,49,5,0.9,0.0,1981.0,1230.0,South East,1383.0,1037.25,50/50 Attic (unconditioned) - Conditioned Space,0.0,0.0,92.59,92.59,Central Heat Pump (shared ducts),Electricity,
268387,17.99888389,5.32,112,2,114.15,0.398088595,8,6,3,0.6,52.57510181,1969.0,961.0,East,1420.0,1065.0,50/50 Attic (unconditioned) - Conditioned Space,0.0,0.0,89.05,93.06,Room AC,Fuel Oil,
250336,667.6517728,2.28,0,84,83.99,0.342865694,6,6,-9,0.1,0.0,1986.0,937.0,South East,1360.0,1020.0,50/50 Attic (unconditioned) - Conditioned Space,0.0,0.0,93.06,93.06,Central Heat Pump (shared ducts),Electricity,
250070,4345.063539,14.83,0,546,546.61,2.231362643,31,42,0,0.0,0.0,2021.0,1812.0,South West,1535.0,1151.25,Intentionally Conditioned Space,0.0,0.0,100.0,100.0,Ductless Heat Pump,Electricity,Yes
251533,9797.396611,33.44,0,1233,1232.51,3.180352533,36,36,5,0.9,0.0,1977.0,3691.0,East,4251.0,3188.25,50/50 Attic (unconditioned) - Conditioned Space,0.0,0.0,86.24,100.0,Central Heat Pump (shared ducts),Electricity,
251963,4180.148852,14.27,0,526,525.86,1.35692649,26,26,5,1.0,0.0,2002.0,2276.0,South West,1614.0,1210.5,Attic (unconditioned),0.0,0.0,90.51,90.51,Central Heat Pump (shared ducts),Electricity,
297525,795.7858552,2.72,0,114,113.56,0.408667632,11,11,11,3.2,0.0,2012.0,1144.0,East,592.0,444.0,Attic (unconditioned),0.0,0.0,83.93,83.93,Central Heat Pump (shared ducts),Electricity,
297452,519.7277745,10.79,112,75,185.99,0.744675769,12,9,10,2.5,90.11220707,1961.0,1850.0,West,2895.0,2171.25,Intentionally Conditioned Space,0.0,0.0,100.0,100.0,Furnace / Central AC (shared ducts),Natural Gas,No
297987,567.6039727,1.94,0,81,81.0,0.291487176,7,7,-1,0.3,0.0,2019.0,1218.0,North West,492.0,369.0,Intentionally Conditioned Space,0.0,0.0,100.0,100.0,Central Heat Pump (shared ducts),Electricity,
296339,394.1182651,20.62,236,66,251.35,7.1,21,15,5,1.1,190.4587312,1925.0,962.0,South West,2000.0,1500.0,Intentionally Conditioned Space,0.0,0.0,100.0,100.0,Furnace / Central AC (shared ducts),Natural Gas,No
298143,3906.341163,0.99,0,41,557.43,3.9,2,2,0,0.0,0.0,1985.0,2200.0,West,1715.0,1286.25,Intentionally Conditioned Space,0.0,0.0,100.0,100.0,Central Heat Pump (shared ducts),Electricity,
297829,84.33233449,9.83,118,13,235.12,5.9,10,8,10,2.4,95.19136559,1989.0,1888.0,South East,3537.0,3375.0,50/50 Attic - Crawlspace (both unconditioned),0.0,0.0,79.66,93.15,Furnace / Central AC (shared ducts),Natural Gas,No
298188,5.559884932,0.0,0,0,0.79,3.9,0,0,-6,0.2,0.0,2019.0,1360.0,South East,523.0,392.25,Intentionally Conditioned Space,44.0,22.0,100.0,100.0,Central Heat Pump (shared ducts),Electricity,
298050,5305.696267,10.0,0,418,757.12,5.4,22,22,8,1.9,0.0,1991.0,1546.0,North,2681.0,2010.75,Attic (unconditioned),0.0,0.0,85.66,85.66,Central Heat Pump (shared ducts),Electricity,
296878,878.6070963,7.33,159,126,283.46,0.551716083,11,10,23,23.7,43.36311003,1962.0,835.0,North,2404.0,1803.0,,,0.0,,100.0,Room AC,Propane,
300065,349.5161634,0.54,0,22,49.88,4.5,2,2,1,0.6,0.0,1992.0,1020.0,South West,1156.0,1020.0,Attic (unconditioned),0.0,0.0,80.07,85.49,Central Heat Pump (shared ducts),Electricity,
284273,1043.038276,3.28,0,137,148.84,4.9,6,6,16,7.6,0.0,1982.0,2304.0,North,3106.0,2329.5,50/50 Basement (unconditioned) - Conditioned Space,0.0,0.0,100.0,100.0,Central Heat Pump (shared ducts),Electricity,
300299,4444.942896,15.17,0,634,634.29,1.442881814,23,23,11,3.1,0.0,1968.0,1344.0,North,2173.0,1629.75,50/50 Attic - Basement (both unconditioned),0.0,0.0,87.92,87.92,Central AC with standalone ducts,Electricity,
300344,3993.825795,13.63,0,444,444.86,1.296443789,99,99,6,1.3,0.0,2001.0,2463.0,North East,3933.0,2949.75,Attic (unconditioned),0.0,0.0,84.34,88.95,Central Heat Pump (shared ducts),Electricity,
300955,-20.42775816,12.09,156,514,419.96,4.9,17,11,11,3.2,125.9359916,1982.0,1482.0,North,1966.0,1474.5,Crawlspace (unconditioned),0.0,0.0,81.07,100.0,Furnace / Central AC (shared ducts),Natural Gas,No
301075,1207.697367,4.12,0,172,1130.56,9.6,6,6,4,0.9,0.0,1976.0,1949.0,North East,2337.0,1752.75,Intentionally Conditioned Space,0.0,0.0,100.0,100.0,Central Heat Pump (shared ducts),Electricity,
295958,277.8056588,2.04,0,374,244.56,2.4,7,7,0,0.0,0.0,2017.0,1152.0,North,1183.0,887.25,50/50 Attic (unconditioned) - Conditioned Space,0.0,0.0,92.18,92.18,Central Heat Pump (shared ducts),Electricity,
297308,261.8071233,14.56,170,216,385.01,0.858858631,16,13,6,1.3,136.6296263,1945.0,877.0,North West,2500.0,1875.0,Crawlspace (unconditioned),0.0,0.0,86.25,81.34,Furnace / Central AC (shared ducts),Natural Gas,No
301380,1493.714382,41.2,1094,567,1660.77,3.155113575,39,37,15,6.1,361.0378527,1963.0,1872.0,West,2500.0,2200.0,Crawlspace (unconditioned),0.0,0.0,85.56,80.9,Stove or Insert,Wood,
301381,1038.630948,33.8,375,294,669.88,2.137470775,35,30,8,1.6,302.5448031,1961.0,1050.0,South East,3555.0,2666.25,Crawlspace (unconditioned),0.0,0.0,85.89,81.45,Furnace with standalone ducts,Natural Gas,Yes
301432,130.779327,3.13,33,138,207.99,7.0,3,3,4,0.8,26.84263635,1954.0,1040.0,North West,4812.0,4331.0,,,,,0.0,Boiler,Natural Gas,No
300895,3605.34052,22.15,0,926,518.42,7.1,27,32,11,2.9,0.0,1987.0,4127.0,East,4968.0,3726.0,Intentionally Conditioned Space,0.0,0.0,100.0,100.0,Central Heat Pump (shared ducts),Electricity,
301527,30.27759719,6.27,187,4,191.15,0.471536346,11,9,0,0.0,61.65327179,1963.0,912.0,North West,1502.0,1126.5,Intentionally Conditioned Space,0.0,0.0,100.0,100.0,Furnace / Central AC (shared ducts),Fuel Oil,
